"ISBN","도서명","원도서명","출판사","정가","위치코드","위치설명","정품","반품","창고재고","재고구분","위험재고","거래상태","재고매칭"
"9791167853127","요즘 시민을 위한 최소한의 AI","요즘 시민을 위한  최소한의 AI","슬로디미디어","16800","","위치 정보가 없습니다.","327","0","327","","","거래","일치"
"9791199800120","유아독존-유아교육각론편-4","유아독존-유아교육각론편-4","우리교과서","38000","","위치 정보가 없습니다.","226","1","227","","","거래","일치"
"9791199294561","주말 CEO","주말 CEO","오리북스","18000","","위치 정보가 없습니다.","495","0","495","","","거래","일치"
"9791167853110","이제는 배송이 곧 마케팅이다","이제는 배송이 곧 마케팅이다","슬로디미디어","18000","","위치 정보가 없습니다.","304","0","304","","","거래","일치"
"9788992668989","(소) 영으로 찬양 베스트 5","(소) 영으로 찬양 베스트 5","(주)글로벌워십미니스트리","18000","","위치 정보가 없습니다.","339","0","339","","","거래","일치"
"9791188574797","놀라운 세상을 만나러 가까이, 더 가까이","놀라운 세상을 만나러 가까이, 더 가까이 (A121)","나는별","17000","A121","A동 1번 라인, 앞에서 2번째, 1층","1509","0","1509","","","거래","일치"
"9791188574223","[재정가]내가 가장 듣고 싶은 말","[재정가]내가 가장 듣고 싶은 말 (A111)","나는별","16000","A111","A동 1번 라인, 앞에서 1번째, 1층","940","1","941","","","거래","일치"
"9791187642503","[개정판]배지윤의 아테네 유아교육과정 각론 2","[개정판]배지윤의 아테네 유아교육과정 각론 2 (A121)","우리교과서","36000","A121","A동 1번 라인, 앞에서 2번째, 1층","277","0","277","","","거래","일치"
"9791191155709","한국대표 서정시선 16","한국대표 서정시선 16 (B182)","도서출판 서정문학","15000","B182","B동 1번 라인, 앞에서 8번째, 2층","10","0","10","위험","위험","거래","일치"
"9791191155716","한국대표 서정 산문선 8","한국대표 서정 산문선 8 (B182)","도서출판 서정문학","15000","B182","B동 1번 라인, 앞에서 8번째, 2층","10","0","10","위험","위험","거래","일치"
"9791167853080","감정에 서툰 당신을 위한 마음의 뇌과학","감정에 서툰 당신을 위한 마음의 뇌과학 (B413)","슬로디미디어","18000","B413","B동 4번 라인, 앞에서 1번째, 3층","226","0","226","","","거래","일치"
"9791163262107","[워크북]좋은 성품으로 지키는 아름다운 성 (Aa53)","[워크북]좋은 성품으로 지키는 아름다운 성 (Aa53)","좋은나무성품학교","15000","","위치 정보가 없습니다.","45","0","45","위험","위험","거래","일치"
"9788964036648","소중한 내몸 성품으로 지켜요! (Aa53)","소중한 내몸 성품으로 지켜요! (Aa53)","좋은나무성품학교","15000","","위치 정보가 없습니다.","50","0","50","위험","위험","거래","일치"
"9791188125609","미셔널 위그노","미셔널 위그노","국민북스","20000","","위치 정보가 없습니다.","237","0","237","","","거래","일치"
"9791124102039","Ai버블 반도체 실전 투자법","Ai버블 반도체 실전 투자법","지베르니 출판그룹","40000","","위치 정보가 없습니다.","2377","0","2377","","","거래","일치"
"9791167853073","들리지 않지만 사는 데 괜찮습니다","들리지 않지만 사는 데 괜찮습니다 (B411)","슬로디미디어","16800","B411","B동 4번 라인, 앞에서 1번째, 1층","469","0","469","","","거래","일치"
"9791199800113","유아독존-유아교육각론편-3","유아독존-유아교육각론편-3 (A111)","우리교과서","43000","A111","A동 1번 라인, 앞에서 1번째, 1층","176","0","176","","","거래","일치"
"9791189998967","소르르일러스트 눈꽃에디션","소르르일러스트 눈꽃에디션","별글","14800","","위치 정보가 없습니다.","174","0","174","","","거래","일치"
"9791163260622","아기곰의 순정 순종 꼬리 (Aa33)","아기곰의 순정 순종 꼬리  (Aa33)","좋은나무성품학교","15000","","위치 정보가 없습니다.","41","0","41","위험","위험","거래","일치"
"9791188242818","미켈란젤로의 긍정 긍정적인 정탐꾼 (Aa33)","미켈란젤로의 긍정 긍정적인 정탐꾼  (Aa33)","좋은나무성품학교","15000","","위치 정보가 없습니다.","42","0","42","위험","위험","거래","일치"
"9791188242795","긍정적인 개구리 사자굴에서도 긍정적으로 (Aa33)","긍정적인 개구리 사자굴에서도 긍정적으로  (Aa33)","좋은나무성품학교","15000","","위치 정보가 없습니다.","43","0","43","위험","위험","거래","일치"
"9791188242801","긍정을 선택해요 긍정의 용사 (Aa33)","긍정을 선택해요 긍정의 용사  (Aa33)","좋은나무성품학교","15000","","위치 정보가 없습니다.","44","0","44","위험","위험","거래","일치"
"9791163261483","정직의 꽃 게하시의 거짓말 (Aa23)","정직의 꽃 게하시의 거짓말 (Aa23)","좋은나무성품학교","15000","","위치 정보가 없습니다.","39","0","39","위험","위험","거래","일치"
"9791163261506","정직한 대통령, 링컨 아간의 거짓말 (Aa23)","정직한 대통령, 링컨 아간의 거짓말 (Aa23)","좋은나무성품학교","15000","","위치 정보가 없습니다.","47","0","47","위험","위험","거래","일치"
"9791163260639","아기 물고기의 순종 순종의 축복 (Aa23)","아기 물고기의 순종 순종의 축복 (Aa23)","좋은나무성품학교","15000","","위치 정보가 없습니다.","40","0","40","위험","위험","거래","일치"
"9791192700243","봄 여름 가을 그리고 바다","봄 여름 가을 그리고 바다","별글","16800","","위치 정보가 없습니다.","957","0","957","","","거래","일치"
"9791185216331","꾹꾹 참고 기다렸더니 (Aa33)","꾹꾹 참고 기다렸더니 (Aa33)","좋은나무성품학교","12000","","위치 정보가 없습니다.","0","0","0","0재고","","거래","일치"
"9791185216546","꿀벌 베베의 약속 (Aa33)","꿀벌 베베의 약속 (Aa33)","좋은나무성품학교","12000","","위치 정보가 없습니다.","0","0","0","0재고","","거래","일치"
"9791185422435","비탈에 선 나무","비탈에 선 나무 (B183)","디자인 존(도서출판 푸른산)","15000","B183","B동 1번 라인, 앞에서 8번째, 3층","7","0","7","위험","위험","거래","일치"
"9791195860364","인내하는 거북 인내하는 아버지","인내하는 거북 인내하는 아버지 (A212)","좋은나무성품학교","15000","A212","A동 2번 라인, 앞에서 1번째, 2층","41","0","41","위험","위험","거래","일치"
"9791163261421","창의적인 집 세상을 만드는 창의성","창의적인 집 세상을 만드는 창의성 (A212)","좋은나무성품학교","15000","A212","A동 2번 라인, 앞에서 1번째, 2층","42","0","42","위험","위험","거래","일치"
"9791195860357","인내의 열매 인내하는 부자","인내의 열매 인내하는 부자 (A212)","좋은나무성품학교","15000","A212","A동 2번 라인, 앞에서 1번째, 2층","38","0","38","위험","위험","거래","일치"
"9791163261414","까마귀의 창의성 내몸의 창의성","까마귀의 창의성 내몸의 창의성 (A212)","좋은나무성품학교","15000","A212","A동 2번 라인, 앞에서 1번째, 2층","40","0","40","위험","위험","거래","일치"
"9791163261599","히포크라테스의 지혜 지혜를 담은 편지","히포크라테스의 지혜 지혜를 담은 편지 (A212)","좋은나무성품학교","15000","A212","A동 2번 라인, 앞에서 1번째, 2층","39","0","39","위험","위험","거래","일치"
"9791163261407","바이올린과 창의성 창의성과 언어","바이올린과 창의성 창의성과 언어 (A212)","좋은나무성품학교","15000","A212","A동 2번 라인, 앞에서 1번째, 2층","42","0","42","위험","위험","거래","일치"
"9791163261612","해와 바람의 지혜 전쟁을 막는지혜","해와 바람의 지혜 전쟁을 막는지혜 (A212)","좋은나무성품학교","15000","A212","A동 2번 라인, 앞에서 1번째, 2층","40","0","40","위험","위험","거래","일치"
"9791195860371","개미와 배짱이 인내하는 대장","개미와 배짱이 인내하는 대장 (A212)","좋은나무성품학교","15000","A212","A동 2번 라인, 앞에서 1번째, 2층","37","0","37","위험","위험","거래","일치"
"9791163261605","지혜를 선택해요 지혜로운 재판","지혜를 선택해요 지혜로운 재판 (A212)","좋은나무성품학교","15000","A212","A동 2번 라인, 앞에서 1번째, 2층","40","0","40","위험","위험","거래","일치"
"9791167853059","팀 다이얼로그","팀 다이얼로그 (B313)","슬로디미디어","18000","B313","B동 3번 라인, 앞에서 1번째, 3층","187","0","187","","","거래","일치"
"9791163260455","감사하는 마음으로 보면 모든 순간감사해요 (Aa33)","감사하는 마음으로 보면 모든 순간감사해요 (Aa33)","좋은나무성품학교","15000","","위치 정보가 없습니다.","39","0","39","위험","위험","거래","일치"
"9791163260448","시골쥐의 감사 매일매일 감사해요 (Aa23)","시골쥐의 감사 매일매일 감사해요 (Aa23)","좋은나무성품학교","15000","","위치 정보가 없습니다.","34","0","34","위험","위험","거래","일치"
"9791163260462","감사의 선물 가득채운 감사 (Aa33)","감사의 선물 가득채운 감사 (Aa33)","좋은나무성품학교","15000","","위치 정보가 없습니다.","37","0","37","위험","위험","거래","일치"
"9791124102022","일은 어떻게 만들어 지는가","일은 어떻게 만들어 지는가 (A211)","지베르니 출판그룹","22000","A211","A동 2번 라인, 앞에서 1번째, 1층","126","0","126","","","거래","일치"
"9791187642497","[개정판]배지윤의 아테네 유아교육과정 각론 1","[개정판]배지윤의 아테네 유아교육과정 각론 1 (A121)","우리교과서","33000","A121","A동 1번 라인, 앞에서 2번째, 1층","239","1","240","","","거래","일치"
"9791167853042","차이나 임팩트 : 모빌리티 패권 전쟁","차이나 임팩트 : 모빌리티 패권 전쟁 (B313)","슬로디미디어","16800","B313","B동 3번 라인, 앞에서 1번째, 3층","246","0","246","","","거래","일치"
"9791188574124","(재정가)수학에 빠진 아이","(재정가)수학에 빠진 아이 (A241)","나는별","15000","A241","A동 2번 라인, 앞에서 4번째, 1층","964","0","964","","","거래","일치"
"9791199800106","개정5판)누리자 자유 유아 교직논술","개정5판)누리자 자유 유아 교직논술 (A141)","우리교과서","29000","A141","A동 1번 라인, 앞에서 4번째, 1층","153","0","153","","","거래","일치"
"9791124102015","선을 넘은 사람들","선을 넘은 사람들 (A211)","지베르니 출판그룹","22000","A211","A동 2번 라인, 앞에서 1번째, 1층","1015","0","1015","","","거래","일치"
"9791197342295","유아독존-유아교육개론편-2","유아독존-유아교육개론편-2 (A121)","우리교과서","45000","A121","A동 1번 라인, 앞에서 2번째, 1층","84","0","84","","","거래","일치"
"9791188574780","떡볶이 맛나다","떡볶이 맛나다 (A111)","나는별","17000","A111","A동 1번 라인, 앞에서 1번째, 1층","411","1","412","","","거래","일치"
"9791198514264","멈추지 않는 페달","멈추지 않는 페달","디자인 존(도서출판 푸른산)","15000","","위치 정보가 없습니다.","26","0","26","위험","위험","거래","일치"
"9791199504516","살려면 이 책을 보라","살려면 이 책을 보라 (B222)","느티나무가 있는 풍경","23000","B222","B동 2번 라인, 앞에서 2번째, 2층","72","0","72","","","거래","일치"
"9791199472570","마음으로 바라보는 세상","마음으로 바라보는 세상 (B184)","디자인 존(도서출판 푸른산)","12000","B184","B동 1번 라인, 앞에서 8번째, 4층","5","0","5","위험","위험","거래","일치"
"9791167852984","기술의 민주화 코드없는 AI혁신","기술의 민주화 코드없는 AI혁신 (B411)","슬로디미디어","18000","B411","B동 4번 라인, 앞에서 1번째, 1층","755","0","755","","","거래","일치"
"9791167852977","요즘 시민을 위한 최소한의 외교","요즘 시민을 위한 최소한의 외교 (B413)","슬로디미디어","16800","B413","B동 4번 라인, 앞에서 1번째, 3층","583","0","583","","","거래","일치"
"9791187594352","드럼 배우기","드럼 배우기","가득뮤직 출판사","21000","","위치 정보가 없습니다.","959","0","959","","","거래","일치"
"9791191157208","밥은 하늘이요 장사는 진심이라","밥은 하늘이요 장사는 진심이라 (A342)","씨이오메이커","18000","A342","A동 3번 라인, 앞에서 4번째, 2층","154","1","155","","","거래","일치"
"9791197228056","오늘은 맑음","오늘은 맑음 (B184)","디자인 존(도서출판 푸른산)","10000","B184","B동 1번 라인, 앞에서 8번째, 4층","51","0","51","","","거래","일치"
"9791191155693","꿈꾸는 옥탑방","꿈꾸는 옥탑방 (B182)","도서출판 서정문학","15000","B182","B동 1번 라인, 앞에서 8번째, 2층","2","0","2","위험","위험","거래","일치"
"9791197680489","경제학자의 의사결정법","경제학자의 의사결정법 (B172)","오르트","20000","B172","B동 1번 라인, 앞에서 7번째, 2층","3632","0","3632","","","거래","일치"
"9791188125586","정면돌파","정면돌파 (B213)","국민북스","20000","B213","B동 2번 라인, 앞에서 1번째, 3층","345","0","345","","","거래","일치"
"9791197342288","유아독존-유아교육개론편-1","유아독존-유아교육개론편-1 (A121)","우리교과서","49000","A121","A동 1번 라인, 앞에서 2번째, 1층","41","3","44","위험","위험","거래","일치"
"9788981522582","암 선고를 받았을때 취해야 할 50가지 필수수칙 (aB12)","암 선고를 받았을때 취해야 할 50가지 필수수칙 (aB12)","도서출판 동도원","21000","","위치 정보가 없습니다.","235","0","235","","","거래","일치"
"9791192700236","솔직히 힘든날도 있거든요","솔직히 힘든날도 있거든요 (B682)","별글","16800","B682","B동 6번 라인, 앞에서 8번째, 2층","1005","1","1006","","","거래","일치"
"9791124102008","AI사피엔스 무엇을 하고 살 것인가 (A211)_","AI사피엔스 무엇을 하고 살 것인가 (A211)_","지베르니 출판그룹","22000","","위치 정보가 없습니다.","240","0","240","","","거래","일치"
"9791167852953","요즘 시민을위한 최소한의 지방선거","요즘 시민을위한 최소한의 지방선거 (B421)","슬로디미디어","16800","B421","B동 4번 라인, 앞에서 2번째, 1층","241","0","241","","","거래","일치"
"9791161030074","2015개정 회계원리 - 3","2015개정 회계원리 - 3","도서출판 파스칼","10900","","위치 정보가 없습니다.","17","0","17","위험","위험","거래","일치"
"9791161030951","2023 운용사대비 더존 회계실무 2급","2023 운용사대비 더존 회계실무 2급","도서출판 파스칼","23000","","위치 정보가 없습니다.","56","0","56","","","거래","일치"
"9791161030906","[완전최신판] 회계원리 필기2급","[완전최신판] 회계원리 필기2급 (B331)","도서출판 파스칼","17000","B331","B동 3번 라인, 앞에서 3번째, 1층","11","0","11","위험","위험","거래","일치"
"9791161030098","2015개정 사무관리 - 3","2015개정 사무관리 - 3","도서출판 파스칼","11000","","위치 정보가 없습니다.","273","0","273","","","거래","일치"
"9791161030760","[2021] 전산회계2급 모의+기출문제집 (증정)","[2021] 전산회계2급 모의+기출문제집 (증정) (B341)","도서출판 파스칼","0","B341","B동 3번 라인, 앞에서 4번째, 1층","4","0","4","위험","위험","거래","일치"
"9791161030760","[2021] 전산회계2급 모의+기출문제집","[2021] 전산회계2급 모의+기출문제집 (B331)","도서출판 파스칼","17000","B331","B동 3번 라인, 앞에서 3번째, 1층","32","0","32","위험","위험","거래","일치"
"9791161030753","완전최신판 단원별 회계원리 3급필기(8절)","완전최신판 단원별 회계원리 3급필기(8절) (B331)","도서출판 파스칼","13000","B331","B동 3번 라인, 앞에서 3번째, 1층","303","2","305","","","거래","일치"
"9791161030692","[최신판] 최신판 한권으로 끝내는 통합본 2급필기 (Ba22)","[최신판] 최신판 한권으로 끝내는 통합본 2급필기 (Ba22)","도서출판 파스칼","25000","","위치 정보가 없습니다.","20","0","20","위험","위험","거래","일치"
"9791161030616","[완전최신판] 단원별 회계원리 2급 필기 (Ba12)","[완전최신판] 단원별 회계원리 2급 필기 (Ba12)","도서출판 파스칼","13000","","위치 정보가 없습니다.","23","0","23","위험","위험","거래","일치"
"9791161030609","[완전최신판] 단원별 원가회계2급 필기","[완전최신판] 단원별 원가회계2급 필기 (B322)","도서출판 파스칼","12000","B322","B동 3번 라인, 앞에서 2번째, 2층","35","0","35","위험","위험","거래","일치"
"9788998185923","[2017]전산회계 및 FAT 이론2급","[2017]전산회계 및 FAT 이론2급","도서출판 파스칼","15000","","위치 정보가 없습니다.","11","0","11","위험","위험","거래","일치"
"9788998185848","[2017] 대입수능 상업경제","[2017] 대입수능 상업경제 (B311)","도서출판 파스칼","13000","B311","B동 3번 라인, 앞에서 1번째, 1층","10","0","10","위험","위험","거래","일치"
"9788998185831","[2017] 대입수능 회계원리","[2017] 대입수능 회계원리 (B311)","도서출판 파스칼","13000","B311","B동 3번 라인, 앞에서 1번째, 1층","9","0","9","위험","위험","거래","일치"
"9791199582026","[완전최신판] 전산회계운용사대비 회계원리 입문편 (Ba21)","[완전최신판] 전산회계운용사대비 회계원리 입문편 (Ba21)","도서출판 파스칼","10500","","위치 정보가 없습니다.","185","0","185","","","거래","일치"
"9791187642480","[개정3판]배지윤의 아테나 유아교육과정 총론편","[개정3판]배지윤의 아테나 유아교육과정 총론편 (A131)","우리교과서","45000","A131","A동 1번 라인, 앞에서 3번째, 1층","0","1","1","위험","위험","거래","일치"
"9791167852946","가족이 먼저 시작하는 치매 예방수업","가족이 먼저 시작하는 치매 예방수업 (B421)","슬로디미디어","16800","B421","B동 4번 라인, 앞에서 2번째, 1층","143","0","143","","","거래","일치"
"9791199504509","인곡본초 5 -민들레-","인곡본초 5 -민들레-  (B221)","느티나무가 있는 풍경","23000","B221","B동 2번 라인, 앞에서 2번째, 1층","130","0","130","","","거래","일치"
"9791187436386","오늘도 아날로그 입니다만","오늘도 아날로그 입니다만 (A351)","나무북스","18000","A351","A동 3번 라인, 앞에서 5번째, 1층","260","0","260","","","거래","일치"
"9791163262305","성품 바이블 (Aa31)","성품 바이블 (Aa31)","좋은나무성품학교","34000","","위치 정보가 없습니다.","77","0","77","","","거래","일치"
"9791191157185","장상철 2025-2016","장상철 2025-2016 (A342)","씨이오메이커","75000","A342","A동 3번 라인, 앞에서 4번째, 2층","29","0","29","위험","위험","거래","일치"
"9791191157178","모성의 재양육","모성의 재양육 (A352)","씨이오메이커","18000","A352","A동 3번 라인, 앞에서 5번째, 2층","794","1","795","","","거래","일치"
"9791191155679","대한민국 시골 풍속도","대한민국 시골 풍속도 (B182)","도서출판 서정문학","12000","B182","B동 1번 라인, 앞에서 8번째, 2층","11","0","11","위험","위험","거래","일치"
"9791199113671","뭐 어때! 멋지잖아","뭐 어때! 멋지잖아 (A322)","품","16800","A322","A동 3번 라인, 앞에서 2번째, 2층","807","1","808","","","거래","일치"
"9791188876686","시와 찬미와 신령한 노래","시와 찬미와 신령한 노래 (B532)","(주)글로벌워십미니스트리","28000","B532","B동 5번 라인, 앞에서 3번째, 2층","477","0","477","","","거래","일치"
"9791199582002","[2026] 한국세무사회 공인회계사회 공통대비 회계원리 입문편(Ba22)","[2026] 한국세무사회 공인회계사회 공통대비 회계원리 입문편(Ba22)","도서출판 파스칼","10500","","위치 정보가 없습니다.","1667","0","1667","","","거래","일치"
"9791199541320","항공 서비스 영어 (Ab24)","항공 서비스 영어 (Ab24)","두루 출판사","18000","","위치 정보가 없습니다.","2","0","2","위험","위험","거래","일치"
"9791199541313","항공 인터뷰 영어 (Ab24)","항공 인터뷰 영어 (Ab24)","두루 출판사","19000","","위치 정보가 없습니다.","2","0","2","위험","위험","거래","일치"
"9791189256029","기문둔갑의 모든것 - 병방론","기문둔갑의 모든것 - 병방론 (B151)","태학당","43000","B151","B동 1번 라인, 앞에서 5번째, 1층","909","2","911","","","거래","일치"
"9791199472501","그날이 오면-짧은시 긴여운","그날이 오면-짧은시 긴여운 (B184)","디자인 존(도서출판 푸른산)","12000","B184","B동 1번 라인, 앞에서 8번째, 4층","4","0","4","위험","위험","거래","일치"
"9791199472556","집으로 향하는 동안에","집으로 향하는 동안에 (B184)","디자인 존(도서출판 푸른산)","10000","B184","B동 1번 라인, 앞에서 8번째, 4층","5","0","5","위험","위험","거래","일치"
"9791188574766","모든게 선물이야","모든게 선물이야 (A131)","나는별","16000","A131","A동 1번 라인, 앞에서 3번째, 1층","1109","0","1109","","","거래","일치"
"9791188876662","현대 예배의 역사는 무엇인가?","현대 예배의 역사는 무엇인가? (B662)","(주)글로벌워십미니스트리","18000","B662","B동 6번 라인, 앞에서 6번째, 2층","335","11","346","","","거래","일치"
"9791188876648","현대 예배와 찬양이란 무엇인가?","현대 예배와 찬양이란 무엇인가? (B662)","(주)글로벌워십미니스트리","18000","B662","B동 6번 라인, 앞에서 6번째, 2층","337","0","337","","","거래","일치"
"9791167852908","식품 브랜드 창업, 어디서부터 시작하죠?","식품 브랜드 창업, 어디서부터 시작하죠? (B422)","슬로디미디어","18000","B422","B동 4번 라인, 앞에서 2번째, 2층","664","0","664","","","거래","일치"
"9791188236275","풀은 맛있어! 먹고또 먹고 애벌래 (Aa63)","풀은 맛있어! 먹고또 먹고 애벌래 (Aa63)","아이들은자연이다","15000","","위치 정보가 없습니다.","715","1","716","","","거래","일치"
"9791167852892","브랜드, 개인화, 콘텐츠 - 처음 시작하는 AI마케팅","브랜드, 개인화, 콘텐츠 - 처음 시작하는 AI마케팅 (B321)","슬로디미디어","16800","B321","B동 3번 라인, 앞에서 2번째, 1층","266","0","266","","","거래","일치"
"","반품","반품","도서출판 파스칼","0","","위치 정보가 없습니다.","0","0","0","0재고","","거래","일치"
"9788964037010","[재정가] 꿈꾸는 돌멩이(Aa24)","[재정가] 꿈꾸는 돌멩이(Aa24)","좋은나무성품학교","12000","","위치 정보가 없습니다.","49","0","49","위험","위험","거래","일치"
"9791199541306","북한 문학 매체와 젠더 (Ab23)","북한 문학 매체와 젠더 (Ab23)","두루 출판사","25000","","위치 정보가 없습니다.","1","0","1","위험","위험","거래","일치"
"9791188236268","보통의 단어도감 (Aa54)","보통의 단어도감 (Aa54)","아이들은자연이다","15000","","위치 정보가 없습니다.","474","1","475","","","거래","일치"
"9791198742490","행복한 삶을 위한 죽은 담론 (Ab34)","행복한 삶을 위한 죽은 담론 (Ab34)","두루 출판사","30000","","위치 정보가 없습니다.","252","0","252","","","거래","일치"
"9791167852878","나의 첫 외국계 취업","나의 첫 외국계 취업 (B412)","슬로디미디어","18000","B412","B동 4번 라인, 앞에서 1번째, 2층","611","0","611","","","거래","일치"
"9791198773456","전쟁을 알아야 평화를 이룬다","전쟁을 알아야 평화를 이룬다 (A211)","지베르니 출판그룹","22000","A211","A동 2번 라인, 앞에서 1번째, 1층","1635","0","1635","","","거래","일치"
"9791191155631","시인의 사진","시인의 사진 (B182)","도서출판 서정문학","19000","B182","B동 1번 라인, 앞에서 8번째, 2층","7","0","7","위험","위험","거래","일치"
"9791199472532","꿈 한 켤레","꿈 한 켤레 (B174)","디자인 존(도서출판 푸른산)","12000","B174","B동 1번 라인, 앞에서 7번째, 4층","5","0","5","위험","위험","거래","일치"
"9791199472525","빛의 수술","빛의 수술 (B174)","디자인 존(도서출판 푸른산)","12000","B174","B동 1번 라인, 앞에서 7번째, 4층","9","0","9","위험","위험","거래","일치"
"9791199472518","아름다울 가 -","아름다울 가 - (B184)","디자인 존(도서출판 푸른산)","12000","B184","B동 1번 라인, 앞에서 8번째, 4층","5","0","5","위험","위험","거래","일치"
"9791188574711","끝없는 말싸움","끝없는 말싸움 (A131)","나는별","18000","A131","A동 1번 라인, 앞에서 3번째, 1층","0","0","0","0재고","","거래","일치"
"9791167852847","K뱅크 레볼루션","K뱅크 레볼루션 (B413)","슬로디미디어","18000","B413","B동 4번 라인, 앞에서 1번째, 3층","1458","0","1458","","","거래","일치"
"9791167852830","요즘 소비트렌드 2026","요즘 소비트렌드 2026 (B321)","슬로디미디어","18000","B321","B동 3번 라인, 앞에서 2번째, 1층","199","0","199","","","거래","일치"
"9791197132933","심호흡하며 읽는 시","심호흡하며 읽는 시","우시모북스","15000","","위치 정보가 없습니다.","41","0","41","위험","위험","거래","일치"
"9791199294516","내가 나에게 건네는 이야기","내가 나에게 건네는 이야기 (B332)","오리북스","14000","B332","B동 3번 라인, 앞에서 3번째, 2층","77","0","77","","","거래","일치"
"9791191155624","뜻밖에","뜻밖에 (B182)","도서출판 서정문학","12000","B182","B동 1번 라인, 앞에서 8번째, 2층","11","0","11","위험","위험","거래","일치"
"9791199294509","MONEY INSIGHT-머니 인사이트","MONEY INSIGHT-머니 인사이트 (B332)","오리북스","16000","B332","B동 3번 라인, 앞에서 3번째, 2층","367","0","367","","","거래","일치"
"9791187642473","개념 폴리아 중학 수학 1-1","개념 폴리아 중학 수학 1-1","우리교과서","17000","","위치 정보가 없습니다.","40","0","40","위험","위험","거래","일치"
"9791191157161","우리 함께 걸을래요","우리 함께 걸을래요 (A343)","씨이오메이커","16800","A343","A동 3번 라인, 앞에서 4번째, 3층","831","0","831","","","거래","일치"
"9791167852809","스타트업을 위한 나의 첫 세무수업","스타트업을 위한 나의 첫 세무수업 (B321)","슬로디미디어","19800","B321","B동 3번 라인, 앞에서 2번째, 1층","452","0","452","","","거래","일치"
"9791198148988","인곡본초 4 -익모초-","인곡본초 4 -익모초- (B221)","느티나무가 있는 풍경","23000","B221","B동 2번 라인, 앞에서 2번째, 1층","137","0","137","","","거래","일치"
"9791188574704","가랑잎이 참 좋다","가랑잎이 참 좋다 (A221)","나는별","16000","A221","A동 2번 라인, 앞에서 2번째, 1층","0","1","1","위험","위험","거래","일치"
"9791192700229","있는 그대로의 내가 좋아","있는 그대로의 내가 좋아 (B341)","별글","16800","B341","B동 3번 라인, 앞에서 4번째, 1층","846","0","846","","","거래","일치"
"9791167852793","나는 반려견 훈련사 입니다","나는 반려견 훈련사 입니다 (B311)","슬로디미디어","16800","B311","B동 3번 라인, 앞에서 1번째, 1층","331","0","331","","","거래","일치"
"9791197134128","[재정가] 인연은 선물 받는거야","[재정가] 인연은 선물 받는거야","느티나무가 있는 풍경","19000","","위치 정보가 없습니다.","770","0","770","","","거래","일치"
"9791167852731","나의 첫 보자기 창업","나의 첫 보자기 창업 (B422)","슬로디미디어","16800","B422","B동 4번 라인, 앞에서 2번째, 2층","573","0","573","","","거래","일치"
"9791198742483","한국사 입문 (Ab24)","한국사 입문 (Ab24)","두루 출판사","28000","","위치 정보가 없습니다.","189","0","189","","","거래","일치"
"9791198773449","우리는 이야기로 이루어져 있다.","우리는 이야기로 이루어져 있다. (A211)","지베르니 출판그룹","22000","A211","A동 2번 라인, 앞에서 1번째, 1층","1139","1","1140","","","거래","일치"
"9791167852724","나는 세금없는 두바이에서 집산다","나는 세금없는 두바이에서 집산다 (B311)","슬로디미디어","22000","B311","B동 3번 라인, 앞에서 1번째, 1층","416","0","416","","","거래","일치"
"9791197228094","한 때 비 그리고 갬","한 때 비 그리고 갬 (B174)","디자인 존(도서출판 푸른산)","12000","B174","B동 1번 라인, 앞에서 7번째, 4층","13","0","13","위험","위험","거래","일치"
"9791197228070","구례 가는 길","구례 가는 길 (B174)","디자인 존(도서출판 푸른산)","12000","B174","B동 1번 라인, 앞에서 7번째, 4층","16","0","16","위험","위험","거래","일치"
"9791197228087","아름다운 배웅","아름다운 배웅 (B174)","디자인 존(도서출판 푸른산)","12000","B174","B동 1번 라인, 앞에서 7번째, 4층","11","0","11","위험","위험","거래","일치"
"9791187642459","고등학교 수학과 문화","고등학교 수학과 문화 (A141)","우리교과서","11000","A141","A동 1번 라인, 앞에서 4번째, 1층","41","0","41","위험","위험","거래","일치"
"9791187642466","고등학교 이산 수학","고등학교 이산 수학 (A141)","우리교과서","13000","A141","A동 1번 라인, 앞에서 4번째, 1층","2","0","2","위험","위험","거래","일치"
"9791167852717","학교 공간 디자인 산책","학교 공간 디자인 산책 (B413)","슬로디미디어","19800","B413","B동 4번 라인, 앞에서 1번째, 3층","985","0","985","","","거래","일치"
"9791191155617","바람에게 묻다","바람에게 묻다 (B182)","도서출판 서정문학","12000","B182","B동 1번 라인, 앞에서 8번째, 2층","29","0","29","위험","위험","거래","일치"
"9791197342271","누리자 유아임용 기출문제집 7+7","누리자 유아임용 기출문제집 7+7 (A221)","우리교과서","42000","A221","A동 2번 라인, 앞에서 2번째, 1층","408","9","417","","","거래","일치"
"9791188574094","[재정가]비오니까 참 좋다","[재정가]비오니까 참 좋다 (A231)","나는별","15000","A231","A동 2번 라인, 앞에서 3번째, 1층","1065","0","1065","","","거래","일치"
"9791167852687","이혼해도 안 죽어요","이혼해도 안 죽어요 (B623)","슬로디미디어","16800","B623","B동 6번 라인, 앞에서 2번째, 3층","466","1","467","","","거래","일치"
"9791192806297","애니멀 위스퍼러","애니멀 위스퍼러 (A311)","케이미라클모닝","16800","A311","A동 3번 라인, 앞에서 1번째, 1층","317","4","321","","","거래","일치"
"9791197549854","최강의 AI혁명 투자","최강의 AI혁명 투자 (A211)","지베르니 출판그룹","35000","A211","A동 2번 라인, 앞에서 1번째, 1층","171","2","173","","","거래","일치"
"9791197240195","[재정가] 바이러스 헌터","[재정가] 바이러스 헌터 (B173)","(주)토리아트","15000","B173","B동 1번 라인, 앞에서 7번째, 3층","635","3","638","","","거래","일치"
"9791167852670","이것이 리테일 미디어다","이것이 리테일 미디어다 (B412)","슬로디미디어","16800","B412","B동 4번 라인, 앞에서 1번째, 2층","575","0","575","","","거래","일치"
"9791188125579","저항하라! 마리 뒤랑의 노래","저항하라! 마리 뒤랑의 노래 (B222)","국민북스","12000","B222","B동 2번 라인, 앞에서 2번째, 2층","281","0","281","","","거래","일치"
"9791198148964","인곡본초 3 -미나리꽝","인곡본초 3 -미나리꽝 (B221)","느티나무가 있는 풍경","23000","B221","B동 2번 라인, 앞에서 2번째, 1층","82","0","82","","","거래","일치"
"9791188574698","슬픔구멍","슬픔구멍 (A251)","나는별","17000","A251","A동 2번 라인, 앞에서 5번째, 1층","946","1","947","","","거래","일치"
"9791163262091","성경적 성 가치관 교육","성경적 성 가치관 교육 (A212)","좋은나무성품학교","15000","A212","A동 2번 라인, 앞에서 1번째, 2층","48","0","48","위험","위험","거래","일치"
"9791198773432","소크라테스는 왜 죽었을까?","소크라테스는 왜 죽었을까? (A211)","지베르니 출판그룹","22000","A211","A동 2번 라인, 앞에서 1번째, 1층","1649","3","1652","","","거래","일치"
"9788964031223","틴틴스쿨 기쁨 (Aa42)","틴틴스쿨 기쁨 (Aa42)","좋은나무성품학교","6000","","위치 정보가 없습니다.","78","0","78","","","거래","일치"
"9791188242023","틴틴스쿨 배려 (Aa42)","틴틴스쿨 배려 (Aa42)","좋은나무성품학교","6000","","위치 정보가 없습니다.","91","0","91","","","거래","일치"
"9788964034637","틴틴스쿨 감사 (Aa42)","틴틴스쿨 감사 (Aa42)","좋은나무성품학교","6000","","위치 정보가 없습니다.","90","0","90","","","거래","일치"
"9791191155600","관악산 뻐꾸기","관악산 뻐꾸기 (B182)","도서출판 서정문학","15000","B182","B동 1번 라인, 앞에서 8번째, 2층","10","0","10","위험","위험","거래","일치"
"9791191155594","서울 지하철 1호선","서울 지하철 1호선 (B182)","도서출판 서정문학","12000","B182","B동 1번 라인, 앞에서 8번째, 2층","32","0","32","위험","위험","거래","일치"
"9791163260790","[제정가] 성품이노베이션 (Aa33)","[제정가] 성품이노베이션 (Aa33)","좋은나무성품학교","17000","","위치 정보가 없습니다.","44","0","44","위험","위험","거래","일치"
"9791191157154","특수청소 매뉴얼","특수청소 매뉴얼 (A353)","씨이오메이커","25000","A353","A동 3번 라인, 앞에서 5번째, 3층","59","1","60","","","거래","일치"
"9791198514219","베스트 인성교육동요 220곡집","베스트 인성교육동요 220곡집 (B154)","디자인 존(도서출판 푸른산)","20000","B154","B동 1번 라인, 앞에서 5번째, 4층","20","0","20","위험","위험","거래","일치"
"9791195787166","[제정가 ]로봇큐로와 별별과학 ①괴짜로봇 규로의 비밀","[제정가 ]로봇큐로와 별별과학  ①괴짜로봇 규로의 비밀 (A252)","나는별","13000","A252","A동 2번 라인, 앞에서 5번째, 2층","213","0","213","","","거래","일치"
"9791167852632","이제 막 시작하는 새파란 신입에게","이제 막 시작하는 새파란 신입에게 (B311)","슬로디미디어","16800","B311","B동 3번 라인, 앞에서 1번째, 1층","760","0","760","","","거래","일치"
"9791187594338","피아노 반주 배우기 (Bb12)","피아노 반주 배우기 (Bb12)","가득뮤직 출판사","31000","","위치 정보가 없습니다.","263","2","265","","","거래","일치"
"9791198742476","개마고지 (Ab24)","개마고지 (Ab24)","두루 출판사","18000","","위치 정보가 없습니다.","294","1","295","","","거래","일치"
"9791198773425","AI 텐베거 투자","AI 텐베거 투자 (A211)","지베르니 출판그룹","38900","A211","A동 2번 라인, 앞에서 1번째, 1층","0","16","16","위험","위험","거래","일치"
"9791192700212","너를 만나러 가는 길","너를 만나러 가는 길 (B341)","별글","16800","B341","B동 3번 라인, 앞에서 4번째, 1층","1277","0","1277","","","거래","일치"
"9791167852595","나의하루는 병원에서 시작된다","나의하루는 병원에서 시작된다 (B624)","슬로디미디어","16800","B624","B동 6번 라인, 앞에서 2번째, 4층","493","0","493","","","거래","일치"
"9791188125562","가르친적 없다고 하시겠지만","가르친적 없다고 하시겠지만 (B213)","국민북스","19000","B213","B동 2번 라인, 앞에서 1번째, 3층","324","0","324","","","거래","일치"
"9791188574681","얼굴은 시","얼굴은 시 (A231)","나는별","20000","A231","A동 2번 라인, 앞에서 3번째, 1층","348","1","349","","","거래","일치"
"9791191155587","화수은하","화수은하 (B182)","도서출판 서정문학","15000","B182","B동 1번 라인, 앞에서 8번째, 2층","16","0","16","위험","위험","거래","일치"
"9791196417895","레클리스","레클리스 (B162)","도레미엔터테인먼트","19800","B162","B동 1번 라인, 앞에서 6번째, 2층","2982","0","2982","","","거래","일치"
"9791192806198","모든 것이 잘 되고 있어 (ALL IS WELL)","모든 것이 잘 되고 있어 (ALL IS WELL) (A311)","케이미라클모닝","16800","A311","A동 3번 라인, 앞에서 1번째, 1층","286","3","289","","","거래","일치"
"9791197680458","우주여행자를 위한 생존법","우주여행자를 위한 생존법 (B163)","오르트","25000","B163","B동 1번 라인, 앞에서 6번째, 3층","19","3","22","위험","위험","거래","일치"
"9791167852564","할머니의 품과 손","할머니의 품과 손 (B611)","슬로디미디어","16800","B611","B동 6번 라인, 앞에서 1번째, 1층","804","0","804","","","거래","일치"
"9791167852571","어른을위한 이것이 인공지능이다","어른을위한 이것이 인공지능이다 (B413)","슬로디미디어","16800","B413","B동 4번 라인, 앞에서 1번째, 3층","519","0","519","","","거래","일치"
"9791163200444","[개정] 나비가 되는 날 (Aa44)","[개정] 나비가 되는 날 (Aa44)","좋은나무성품학교","10000","","위치 정보가 없습니다.","28","0","28","위험","위험","거래","일치"
"9791199113664","옹기에 그린 십자가","옹기에 그린 십자가 (A322)","품","12000","A322","A동 3번 라인, 앞에서 2번째, 2층","5","0","5","위험","위험","거래","일치"
"9791167852540","엄마는 사춘기가 어렵다","엄마는 사춘기가 어렵다 (B413)","슬로디미디어","16800","B413","B동 4번 라인, 앞에서 1번째, 3층","758","0","758","","","거래","일치"
"9791191155563","한국대표 서정 산문선 7","한국대표 서정 산문선 7 (B182)","도서출판 서정문학","15000","B182","B동 1번 라인, 앞에서 8번째, 2층","20","0","20","위험","위험","거래","일치"
"9791191155549","한국대표 서정시선 15","한국대표 서정시선 15 (B182)","도서출판 서정문학","15000","B182","B동 1번 라인, 앞에서 8번째, 2층","16","0","16","위험","위험","거래","일치"
"9791198742469","항공예약실무 (Ab24)","항공예약실무 (Ab24)","두루 출판사","20000","","위치 정보가 없습니다.","2","0","2","위험","위험","거래","일치"
"9791192700205","거꾸로 뒤집혀 버렸네","거꾸로 뒤집혀 버렸네 (B341)","별글","16800","B341","B동 3번 라인, 앞에서 4번째, 1층","1127","0","1127","","","거래","일치"
"9791167852496","불편하지만 웃으며 살아갑니다","불편하지만 웃으며 살아갑니다 (B413)","슬로디미디어","16800","B413","B동 4번 라인, 앞에서 1번째, 3층","740","0","740","","","거래","일치"
"9791198514295","나무가 들려준 이야기","나무가 들려준 이야기 (B154)","디자인 존(도서출판 푸른산)","15000","B154","B동 1번 라인, 앞에서 5번째, 4층","32","0","32","위험","위험","거래","일치"
"9791198742445","비판적 사고 어떻게 다르게 생각할 것인가 (Ab23)","비판적 사고 어떻게 다르게 생각할 것인가 (Ab23)","두루 출판사","22000","","위치 정보가 없습니다.","407","2","409","","","거래","일치"
"9791197342264","개정4판)누리자 자유 유아 교직논술","개정4판)누리자 자유 유아 교직논술 (A141)","우리교과서","27000","A141","A동 1번 라인, 앞에서 4번째, 1층","0","1","1","위험","위험","거래","일치"
"9791198742452","최신 항공예약실무 (Ab23)","최신 항공예약실무 (Ab23)","두루 출판사","16000","","위치 정보가 없습니다.","20","0","20","위험","위험","거래","일치"
"9791167852441","다가오는 미래 전기차 사업 시나리오","다가오는 미래 전기차 사업 시나리오 (B312)","슬로디미디어","16800","B312","B동 3번 라인, 앞에서 1번째, 2층","440","0","440","","","거래","일치"
"9791167852472","오늘도 치매어르신을 돌보며 인생을 만납니다","오늘도 치매어르신을 돌보며 인생을 만납니다 (B312)","슬로디미디어","16800","B312","B동 3번 라인, 앞에서 1번째, 2층","193","0","193","","","거래","일치"
"9791163262220","우리 아이를 지키는 진짜 성교육","우리 아이를 지키는 진짜 성교육 (A212)","좋은나무성품학교","15000","A212","A동 2번 라인, 앞에서 1번째, 2층","34","0","34","위험","위험","거래","일치"
"9791198514271","자연주의","자연주의 (B141)","디자인 존(도서출판 푸른산)","10000","B141","B동 1번 라인, 앞에서 4번째, 1층","25","0","25","위험","위험","거래","일치"
"9791167852465","회계 이렇게 쉬웠어?","회계 이렇게 쉬웠어? (B312)","슬로디미디어","16800","B312","B동 3번 라인, 앞에서 1번째, 2층","122","0","122","","","거래","일치"
"9791197680465","무대 뒤에 사는 사람","무대 뒤에 사는 사람 (B163)","오르트","18000","B163","B동 1번 라인, 앞에서 6번째, 3층","627","1","628","","","거래","일치"
"9791167852458","나의 첫 생성형 AI 마케팅 수업","나의 첫 생성형 AI 마케팅 수업 (B312)","슬로디미디어","16800","B312","B동 3번 라인, 앞에서 1번째, 2층","113","0","113","","","거래","일치"
"9791187594321","[개정판]음악이론 고급 화성학 독학하기 (Bb13)","[개정판]음악이론 고급 화성학 독학하기 (Bb13)","가득뮤직 출판사","27000","","위치 정보가 없습니다.","367","1","368","","","거래","일치"
"9791187594314","[개정판]음악이론 기초 화성학 독학하기 (Bb13)","[개정판]음악이론 기초 화성학 독학하기 (Bb13)","가득뮤직 출판사","23000","","위치 정보가 없습니다.","16","0","16","위험","위험","거래","일치"
"9791188574674","그림책 꽃밭에 살다","그림책 꽃밭에 살다 (A251)","나는별","18000","A251","A동 2번 라인, 앞에서 5번째, 1층","248","3","251","","","거래","일치"
"9791188574667","꿈을 담은 병","꿈을 담은 병  (A111)","나는별","17000","A111","A동 1번 라인, 앞에서 1번째, 1층","632","1","633","","","거래","일치"
"9791198350565","[2025] 전산회계운용사대비 회계실무 3급 (Ba22)","[2025] 전산회계운용사대비 회계실무 3급 (Ba22)","도서출판 파스칼","18000","","위치 정보가 없습니다.","516","0","516","","","거래","일치"
"9791192806266","루이스 헤이의 자기사랑 치유혁명","루이스 헤이의 자기사랑 치유혁명 (A311)","케이미라클모닝","16800","A311","A동 3번 라인, 앞에서 1번째, 1층","667","4","671","","","거래","일치"
"9791198350596","[개정28판] 원가회계 필기2급","[개정28판] 원가회계 필기2급 (B331)","도서출판 파스칼","18000","B331","B동 3번 라인, 앞에서 3번째, 1층","1423","0","1423","","","거래","일치"
"9791188876167","[재정가]하늘의 예배를 회복하라","[재정가]하늘의 예배를 회복하라 (B643)","(주)글로벌워십미니스트리","17000","B643","B동 6번 라인, 앞에서 4번째, 3층","16","0","16","위험","위험","거래","일치"
"9791188876198","[재정가]고난 중에 하나님을 예배하는 9가지 방법","[재정가]고난 중에 하나님을 예배하는 9가지 방법 (B643)","(주)글로벌워십미니스트리","17000","B643","B동 6번 라인, 앞에서 4번째, 3층","54","0","54","","","거래","일치"
"9791167852403","나의 첫 탱고 수업 계약종료/유통금지(서점반품 100부, 제작공정상발생여분 106부-내부보관)","나의 첫 탱고 수업 계약종료/유통금지(서점반품 100부, 제작공정상발생여분 106부-내부보관)","슬로디미디어","16800","","위치 정보가 없습니다.","364","1","365","","","거래","일치"
"9791167852410","이것이 생성형 AI다","이것이 생성형 AI다 (B312)","슬로디미디어","16800","B312","B동 3번 라인, 앞에서 1번째, 2층","322","0","322","","","거래","일치"
"9791187594307","베이스 기타 배우기 (Bb12)","베이스 기타 배우기 (Bb12)","가득뮤직 출판사","33000","","위치 정보가 없습니다.","3","0","3","위험","위험","거래","일치"
"9791198350589","[최신개정] 전산회계운용사 대비 회계원리 필기3급(Ba21)","[최신개정] 전산회계운용사 대비 회계원리 필기3급(Ba21)","도서출판 파스칼","18000","","위치 정보가 없습니다.","38","1","39","위험","위험","거래","일치"
"9791192806181","LOUISE HAY MEDITATION","LOUISE HAY MEDITATION (A311)","케이미라클모닝","15000","A311","A동 3번 라인, 앞에서 1번째, 1층","769","1","770","","","거래","일치"
"9791198350572","[개정최신판] 회계원리 필기이론 [교사용]","[개정최신판] 회계원리 필기이론 [교사용]","도서출판 파스칼","0","","위치 정보가 없습니다.","314","0","314","","","거래","일치"
"9791198350572","[개정최신판] 회계원리 필기이론","[개정최신판] 회계원리 필기이론 (B331)","도서출판 파스칼","18000","B331","B동 3번 라인, 앞에서 3번째, 1층","2175","2","2177","","","거래","일치"
"9791198773418","투자의 시간 (Aa12)","투자의 시간 (Aa12)","지베르니 출판그룹","20000","","위치 정보가 없습니다.","1155","5","1160","","","거래","일치"
"9791198997500","하토야마의 우애","하토야마의 우애","주)레인댄스이팔","27500","","위치 정보가 없습니다.","43","0","43","위험","위험","거래","일치"
"9791191155501","징검이 여울목 (디카시집)","징검이 여울목 (디카시집) (B212)","도서출판 서정문학","15000","B212","B동 2번 라인, 앞에서 1번째, 2층","20","2","22","위험","위험","거래","일치"
"9791191155532","구멍난 삼베 조각보","구멍난 삼베 조각보 (B212)","도서출판 서정문학","12000","B212","B동 2번 라인, 앞에서 1번째, 2층","41","0","41","위험","위험","거래","일치"
"9791198350503","[교] 2022개정 사무관리","[교] 2022개정 사무관리","도서출판 파스칼","15000","","위치 정보가 없습니다.","577","0","577","","","거래","일치"
"9791198350510","[교] 2022개정 회계원리","[교] 2022개정 회계원리","도서출판 파스칼","15500","","위치 정보가 없습니다.","142","0","142","","","거래","일치"
"9791198773401","코인부자는 무엇이 달랐나 (Aa12)","코인부자는 무엇이 달랐나 (Aa12)","지베르니 출판그룹","25000","","위치 정보가 없습니다.","621","5","626","","","거래","일치"
"9791198148940","인곡본초 2 -망개떡-","인곡본초 2 -망개떡-","느티나무가 있는 풍경","23000","","위치 정보가 없습니다.","122","0","122","","","거래","일치"
"9791167852373","나의 새벽은 차 한잔으로 시작된다","나의 새벽은 차 한잔으로 시작된다 (B313)","슬로디미디어","16800","B313","B동 3번 라인, 앞에서 1번째, 3층","241","0","241","","","거래","일치"
"8809626040016","어린왕자 캘리그라피","어린왕자 캘리그라피 (B674)","별글","10000","B674","B동 6번 라인, 앞에서 7번째, 4층","943","0","943","","","거래","일치"
"9791185216706","stop 멈추고 좋은 말로 말해요 (Aa33)","stop 멈추고 좋은 말로 말해요 (Aa33)","좋은나무성품학교","12000","","위치 정보가 없습니다.","0","0","0","0재고","","거래","일치"
"9791191155518","비의 물음표","비의 물음표 (B132)","도서출판 서정문학","12000","B132","B동 1번 라인, 앞에서 3번째, 2층","16","0","16","위험","위험","거래","일치"
"9791191155495","별똥별","별똥별 (B134)","도서출판 서정문학","12000","B134","B동 1번 라인, 앞에서 3번째, 4층","41","0","41","위험","위험","거래","일치"
"9791191157147","RENTAL 미래산업을 선도하는 창업 플랫폼","RENTAL 미래산업을 선도하는 창업 플랫폼(A353)","씨이오메이커","25000","A353","A동 3번 라인, 앞에서 5번째, 3층","318","0","318","","","거래","일치"
"9791192806280","돈이 좋아하는 7가지 말의 주문","돈이 좋아하는 7가지 말의 주문 (A311)","케이미라클모닝","16800","A311","A동 3번 라인, 앞에서 1번째, 1층","210","0","210","","","거래","일치"
"9791198350541","[개정최신판] 전산회계운용사대비 모의고사 필기3급","[개정최신판] 전산회계운용사대비 모의고사 필기3급 (B331)","도서출판 파스칼","15000","B331","B동 3번 라인, 앞에서 3번째, 1층","453","0","453","","","거래","일치"
"9791198350558","[개정최신판] 전산회계운용사대비 모의고사 필기2급","[개정최신판] 전산회계운용사대비 모의고사 필기2급(B331)","도서출판 파스칼","17000","B331","B동 3번 라인, 앞에서 3번째, 1층","687","0","687","","","거래","일치"
"9791192806259","루이스 헤이의 편지","루이스 헤이의 편지 (A311)","케이미라클모닝","16800","A311","A동 3번 라인, 앞에서 1번째, 1층","870","0","870","","","거래","일치"
"9791167852335","틀밖에서 만나는 우리아이 진짜 미술","틀밖에서 만나는 우리아이 진짜 미술 (B313)","슬로디미디어","16800","B313","B동 3번 라인, 앞에서 1번째, 3층","688","0","688","","","거래","일치"
"9791198350527","[2025] 한국세무사회 공인회계사회 공통대비 회계원리 입문편","[2025] 한국세무사회 공인회계사회 공통대비 회계원리 입문편(B331)","도서출판 파스칼","10000","B331","B동 3번 라인, 앞에서 3번째, 1층","124","0","124","","","거래","일치"
"9791198350534","[2025] 전산회계운용사대비 회계원리 입문편","[2025] 전산회계운용사대비 회계원리 입문편 (B331)","도서출판 파스칼","10000","B331","B동 3번 라인, 앞에서 3번째, 1층","20","12","32","위험","위험","거래","일치"
"9791167852298","우리 아이가 첫 글쓰기를 시작합니다.","우리 아이가 첫 글쓰기를 시작합니다.(B321)","슬로디미디어","16800","B321","B동 3번 라인, 앞에서 2번째, 1층","262","0","262","","","거래","일치"
"9791198514233","우리집엔 귀신이 산다","우리집엔 귀신이 산다 (B161)","디자인 존(도서출판 푸른산)","10000","B161","B동 1번 라인, 앞에서 6번째, 1층","139","0","139","","","거래","일치"
"9791188876624","예배탐구","예배탐구 (B532)","(주)글로벌워십미니스트리","28000","B532","B동 5번 라인, 앞에서 3번째, 2층","345","0","345","","","거래","일치"
"9791198735928","액자 속 사진처럼","액자 속 사진처럼","태학당","13000","","위치 정보가 없습니다.","245","0","245","","","거래","일치"
"9791167852304","남편과도 말이 통하는 대화법","남편과도 말이 통하는 대화법 (B421)","슬로디미디어","16800","B421","B동 4번 라인, 앞에서 2번째, 1층","382","0","382","","","거래","일치"
"9791197751493","읽고 채워넣는 명작동요","읽고 채워넣는 명작동요 (B342)","화엄북스","15000","B342","B동 3번 라인, 앞에서 4번째, 2층","671","4","675","","","거래","일치"
"9791167852281","요즘 소비트렌드 2025","요즘 소비트렌드 2025 (B321)","슬로디미디어","16800","B321","B동 3번 라인, 앞에서 2번째, 1층","722","0","722","","","거래","일치"
"9791192806235","마음속의 마법","마음속의 마법 (A311)","케이미라클모닝","16800","A311","A동 3번 라인, 앞에서 1번째, 1층","224","1","225","","","거래","일치"
"9791198148957","K-HUMAN 한국인 보고서","K-HUMAN 한국인 보고서 (B212)","느티나무가 있는 풍경","23000","B212","B동 2번 라인, 앞에서 1번째, 2층","270","0","270","","","거래","일치"
"9791188125548","하나님은 이루시고 우리는 꿈꾸며 기도하고","하나님은 이루시고 우리는 꿈꾸며 기도하고 (B122)","국민북스","16000","B122","B동 1번 라인, 앞에서 2번째, 2층","37","0","37","위험","위험","거래","일치"
"9791198742438","대한민국 20대가 진짜 미쳐야 할 3가지 (Ab24)","대한민국 20대가 진짜 미쳐야 할 3가지 (Ab24)","두루 출판사","11000","","위치 정보가 없습니다.","33","0","33","위험","위험","거래","일치"
"9791198148971","인곡본초 1","인곡본초 1 (B212)","느티나무가 있는 풍경","23000","B212","B동 2번 라인, 앞에서 1번째, 2층","67","0","67","","","거래","일치"
"9791188125555","우리가 위그노다","우리가 위그노다 (B112)","국민북스","14000","B112","B동 1번 라인, 앞에서 1번째, 2층","516","0","516","","","거래","일치"
"9781735827322","GOOD CHARACTER SEX EDUCATION (Aa31)-성경적 성 가치관 교육","GOOD CHARACTER SEX EDUCATION (Aa31)-성경적 성 가치관 교육","좋은나무성품학교","18000","","위치 정보가 없습니다.","77","0","77","","","거래","일치"
"9791187594291","오케스트라 악기론 영화음악 작곡 실습 (Bb12)","오케스트라 악기론 영화음악 작곡 실습 (Bb12)","가득뮤직 출판사","33000","","위치 정보가 없습니다.","247","0","247","","","거래","일치"
"9791198867506","읽고 따라쓰는 명작동요","읽고 따라쓰는 명작동요 (B342)","화엄북스","12000","B342","B동 3번 라인, 앞에서 4번째, 2층","655","4","659","","","거래","일치"
"9791198867513","읽고 따라쓰는 한국명시","읽고 따라쓰는 한국명시 (B342)","화엄북스","12000","B342","B동 3번 라인, 앞에서 4번째, 2층","634","4","638","","","거래","일치"
"9791167852236","내 아이의 공부 그릇을 키워라","내 아이의 공부 그릇을 키워라 (B321)","슬로디미디어","16800","B321","B동 3번 라인, 앞에서 2번째, 1층","317","0","317","","","거래","일치"
"9791167852243","저는 치과기공사 입니다.","저는 치과기공사 입니다. (B412)","슬로디미디어","16000","B412","B동 4번 라인, 앞에서 1번째, 2층","127","0","127","","","거래","일치"
"9791191157130","진로의 공식","진로의 공식 (A351)","씨이오메이커","18000","A351","A동 3번 라인, 앞에서 5번째, 1층","445","0","445","","","거래","일치"
"9791198735911","나르시스의 반란","나르시스의 반란 (B161)","태학당","13000","B161","B동 1번 라인, 앞에서 6번째, 1층","728","0","728","","","거래","일치"
"9791167852229","수학하길 참 잘했다","수학하길 참 잘했다 (B321)","슬로디미디어","16800","B321","B동 3번 라인, 앞에서 2번째, 1층","22","0","22","위험","위험","거래","일치"
"9791163200451","여성을 위한 성품리더십 (Aa32)_","여성을 위한 성품리더십 (Aa32)_","좋은나무성품학교","18500","","위치 정보가 없습니다.","37","0","37","위험","위험","거래","일치"
"9791192700199","서점에 사는 고양이","서점에 사는 고양이 (B542)","별글","16800","B542","B동 5번 라인, 앞에서 4번째, 2층","733","0","733","","","거래","일치"
"9791167852182","아이는 예쁜데 자꾸 눈물이 나요","아이는 예쁜데 자꾸 눈물이 나요 (B412)","슬로디미디어","16800","B412","B동 4번 라인, 앞에서 1번째, 2층","695","0","695","","","거래","일치"
"9791198742414","글로벌 항공객실업무론 (Ab23)","글로벌 항공객실업무론 (Ab23)","두루 출판사","28000","","위치 정보가 없습니다.","568","2","570","","","거래","일치"
"9791198742421","글로벌 항공운송실무 (Ab23)","글로벌 항공운송실무 (Ab23)","두루 출판사","25000","","위치 정보가 없습니다.","667","1","668","","","거래","일치"
"9791167852175","여전히 낚시에 진심입니다만","여전히 낚시에 진심입니다만 (B311)","슬로디미디어","16000","B311","B동 3번 라인, 앞에서 1번째, 1층","307","0","307","","","거래","일치"
"9791167852120","사춘기 아들 갱년기 아빠는 성숙해지는 중입니다.","사춘기 아들 갱년기 아빠는 성숙해지는 중입니다. (B312)","슬로디미디어","16800","B312","B동 3번 라인, 앞에서 1번째, 2층","387","0","387","","","거래","일치"
"9791167852137","풋살은 처음입니다만","풋살은 처음입니다만 (B312)","슬로디미디어","16000","B312","B동 3번 라인, 앞에서 1번째, 2층","236","0","236","","","거래","일치"
"","반품","반품","오르트","0","","위치 정보가 없습니다.","0","0","0","0재고","","거래","일치"
"9791192459059","(큰글씨) 은혜찬양 베스트 200 프리미엄 (Bb21)","(큰글씨) 은혜찬양 베스트 200 프리미엄 (Bb21)","(주)글로벌워십미니스트리","19000","","위치 정보가 없습니다.","110","0","110","","","거래","일치"
"9791192459035","은혜찬양 베스트 200 프리미엄 (Bb21)","은혜찬양 베스트 200 프리미엄 (Bb21)","(주)글로벌워십미니스트리","15000","","위치 정보가 없습니다.","0","0","0","0재고","","거래","일치"
"9791167852090","청소년을 위한 나의 첫 토론수업","청소년을 위한 나의 첫 토론수업 (B311)","슬로디미디어","16800","B311","B동 3번 라인, 앞에서 1번째, 1층","219","0","219","","","거래","일치"
"9791192806242","운동화 지금 당장 신으세요!","운동화 지금 당장 신으세요! (A341)","케이미라클모닝","16800","A341","A동 3번 라인, 앞에서 4번째, 1층","306","1","307","","","거래","일치"
"9791198334725","파란 우산속 삐에로","파란 우산속 삐에로 (B211)","느티나무가 있는 풍경","19000","B211","B동 2번 라인, 앞에서 1번째, 1층","184","0","184","","","거래","일치"
"9791167852083","봉사하는 사람이 많이 생겼으면 좋겠다","봉사하는 사람이 많이 생겼으면 좋겠다 (B422)","슬로디미디어","16800","B422","B동 4번 라인, 앞에서 2번째, 2층","19","0","19","위험","위험","거래","일치"
"9791188574582","다시, 그림책 테라피기 뭐길래","다시, 그림책 테라피기 뭐길래 (A231)","나는별","18000","A231","A동 2번 라인, 앞에서 3번째, 1층","263","0","263","","","거래","일치"
"9791198742407","워렌하딩 (Ab23)","워렌하딩 (Ab23)","두루 출판사","12000","","위치 정보가 없습니다.","144","0","144","","","거래","일치"
"9791167852014","트라우마 해방일지 (B622c3)","트라우마 해방일지 (B622c3)","슬로디미디어","16000","","위치 정보가 없습니다.","549","0","549","","","거래","일치"
"9791167852021","난생처음 부동산 사무실을 차렸습니다.","난생처음 부동산 사무실을 차렸습니다. (b521)","슬로디미디어","16800","B521","B동 5번 라인, 앞에서 2번째, 1층","583","0","583","","","거래","일치"
"9791198514219","시는 어떻게 쓰여야 하나?","시는 어떻게 쓰여야 하나?","디자인 존(도서출판 푸른산)","20000","","위치 정보가 없습니다.","5","0","5","위험","위험","거래","일치"
"9791188574087","[재정가] 내 마음은","[재정가] 내 마음은 (A251)","나는별","14000","A251","A동 2번 라인, 앞에서 5번째, 1층","74","1","75","","","거래","일치"
"9791192459110","4부 경배와 찬양 베스트 프리미엄 (Bb21)","4부 경배와 찬양 베스트 프리미엄 (Bb21)","(주)글로벌워십미니스트리","48000","","위치 정보가 없습니다.","106","0","106","","","거래","일치"
"9791167851963","어느날 갑자기 내 아이가 장애인이 되었습니다.","어느날 갑자기 내 아이가 장애인이 되었습니다. (B412)","슬로디미디어","16800","B412","B동 4번 라인, 앞에서 1번째, 2층","429","0","429","","","거래","일치"
"9791197549892","(3종세트) 최강의 AI혁명 투자 (Aa11)","(3종세트) 최강의 AI혁명 투자 (Aa11)","지베르니 출판그룹","50000","","위치 정보가 없습니다.","108","7","115","","","거래","일치"
"9791167851970","때로는 예민해도 괜찮다","때로는 예민해도 괜찮다 (B313)","슬로디미디어","16800","B313","B동 3번 라인, 앞에서 1번째, 3층","452","0","452","","","거래","일치"
"9791198762016","제1권 어리둥절 신약성경 예수님의 탄생과 사역","제1권 어리둥절 신약성경 예수님의 탄생과 사역 (B183)","네트일오삼(153)","18000","B183","B동 1번 라인, 앞에서 8번째, 3층","0","0","0","0재고","","거래","일치"
"9791167851949","오늘도 요양병원에서 인생을 만납니다","오늘도 요양병원에서 인생을 만납니다 (B313)","슬로디미디어","16800","B313","B동 3번 라인, 앞에서 1번째, 3층","381","0","381","","","거래","일치"
"9791196475383","도깨비도 국가 유산이야?","도깨비도 국가 유산이야? (A322)","품","15000","A322","A동 3번 라인, 앞에서 2번째, 2층","386","0","386","","","거래","일치"
"9791191155464","정오의 붓꽃","정오의 붓꽃 (B133)","도서출판 서정문학","12000","B133","B동 1번 라인, 앞에서 3번째, 3층","31","0","31","위험","위험","거래","일치"
"9791198735904","푸른 화가의 진실","푸른 화가의 진실 (B161)","태학당","13000","B161","B동 1번 라인, 앞에서 6번째, 1층","902","10","912","","","거래","일치"
"9791192700175","서홍의 사랑하기 좋은날 컬러링북","서홍의 사랑하기 좋은날 컬러링북 (B341)","별글","16800","B341","B동 3번 라인, 앞에서 4번째, 1층","2024","1","2025","","","거래","일치"
"9791167851925","불편하지만 아이키우는데 문제 없습니다","불편하지만 아이키우는데 문제 없습니다 (B412)","슬로디미디어","16800","B412","B동 4번 라인, 앞에서 1번째, 2층","146","0","146","","","거래","일치"
"9791198731500","달에 사는 코끼리 (Aa12)","달에 사는 코끼리 (Aa12)","마리앤미","14000","","위치 정보가 없습니다.","594","7","601","","","거래","일치"
"9791167851864","좋은 말투는 상대를 헤아리는 마음에서 나온다","좋은 말투는 상대를 헤아리는 마음에서 나온다 (B313)","슬로디미디어","16800","B313","B동 3번 라인, 앞에서 1번째, 3층","312","0","312","","","거래","일치"
"9791167851895","학부모 경계하는 교사/ 교사 의심하는 학부모","학부모 경계하는 교사/ 교사 의심하는 학부모 (B412)","슬로디미디어","16800","B412","B동 4번 라인, 앞에서 1번째, 2층","400","0","400","","","거래","일치"
"9791188574575","과학에 빠진 아이","과학에 빠진 아이 (A241)","나는별","16000","A241","A동 2번 라인, 앞에서 4번째, 1층","810","2","812","","","거래","일치"
"9791167851857","너에게 난 어떤 엄마야?","너에게 난 어떤 엄마야? (B321)","슬로디미디어","16800","B321","B동 3번 라인, 앞에서 2번째, 1층","165","0","165","","","거래","일치"
"9791167851840","나의 첫 특허수업","나의 첫 특허수업 (B321)","슬로디미디어","16800","B321","B동 3번 라인, 앞에서 2번째, 1층","214","0","214","","","거래","일치"
"9791191155457","한국 대표 서정산문선 6","한국 대표 서정산문선 6 (B182)","도서출판 서정문학","12000","B182","B동 1번 라인, 앞에서 8번째, 2층","0","0","0","0재고","","거래","일치"
"9791191155440","한국대표 서정시선 14","한국대표 서정시선 14 (B182)","도서출판 서정문학","12000","B182","B동 1번 라인, 앞에서 8번째, 2층","34","0","34","위험","위험","거래","일치"
"9791188125289","목자 목녀의 삶","목자 목녀의 삶 (B212)","국민북스","10000","B212","B동 2번 라인, 앞에서 1번째, 2층","257","0","257","","","거래","일치"
"9791198334701","얼룩소와 마케팅 이야기","얼룩소와 마케팅 이야기","느티나무가 있는 풍경","19000","","위치 정보가 없습니다.","131","0","131","","","거래","일치"
"9791188876600","[개정판] 처치 시프트","[개정판] 처치 시프트 (B643)","(주)글로벌워십미니스트리","28000","B643","B동 6번 라인, 앞에서 4번째, 3층","417","0","417","","","거래","일치"
"9791192700168","고마워요 선생님","고마워요 선생님 (B542)","별글","16700","B542","B동 5번 라인, 앞에서 4번째, 2층","310","0","310","","","거래","일치"
"9791167851826","명상이 필요한 당신에게","명상이 필요한 당신에게 (B321)","슬로디미디어","16800","B321","B동 3번 라인, 앞에서 2번째, 1층","142","0","142","","","거래","일치"
"9791187642435","[계정판]전공 일본어 완전공략 가이드","[계정판]전공 일본어 완전공략 가이드 (A111)","우리교과서","50000","A111","A동 1번 라인, 앞에서 1번째, 1층","53","1","54","","","거래","일치"
"","반품 폐기용","반품 폐기용","이노다임북스","0","","위치 정보가 없습니다.","0","0","0","0재고","","거래","일치"
"9791167851789","20년차 감정평가사가 알려주는 부동산 가격의 비밀","20년차 감정평가사가 알려주는 부동산 가격의 비밀 (B411)","슬로디미디어","16800","B411","B동 4번 라인, 앞에서 1번째, 1층","124","0","124","","","거래","일치"
"9791167851796","숲이 내게 걸어온 말들","숲이 내게 걸어온 말들 (B623)","슬로디미디어","16800","B623","B동 6번 라인, 앞에서 2번째, 3층","326","0","326","","","거래","일치"
"9791191155433","태초의 바람","태초의 바람 (B133)","도서출판 서정문학","15000","B133","B동 1번 라인, 앞에서 3번째, 3층","19","0","19","위험","위험","거래","일치"
"9791188876525","타미워커의 나는 주만 높이리 (B6652b2)","타미워커의 나는 주만 높이리 (B6652b2)","(주)글로벌워십미니스트리","18000","","위치 정보가 없습니다.","136","0","136","","","거래","일치"
"9791192806020","책쓰기의 10가지 선물","책쓰기의 10가지 선물 (A331)","케이미라클모닝","17000","A331","A동 3번 라인, 앞에서 3번째, 1층","270","3","273","","","거래","일치"
"9791161031019","[2024] 운용사대비 더존 회계실무 3급","[2024] 운용사대비 더존 회계실무 3급","파스칼미디어","18000","","위치 정보가 없습니다.","0","0","0","0재고","","거래","일치"
"9791192806129","아이 캔 두잇","아이 캔 두잇 (A341)","케이미라클모닝","16800","A341","A동 3번 라인, 앞에서 4번째, 1층","581","1","582","","","거래","일치"
"9791167851758","스탠퍼드 공부 습관의 힘","스탠퍼드 공부 습관의 힘 (B411)","슬로디미디어","16000","B411","B동 4번 라인, 앞에서 1번째, 1층","264","0","264","","","거래","일치"
"9791196417802","영상 글쓰기의 본질 (B164c1)","영상 글쓰기의 본질 (B164c1)","도레미엔터테인먼트","33000","","위치 정보가 없습니다.","536","7","543","","","거래","일치"
"9791167851741","완벽주의자를 위한 행복연습","완벽주의자를 위한 행복연습 (B412)","슬로디미디어","16800","B412","B동 4번 라인, 앞에서 1번째, 2층","584","0","584","","","거래","일치"
"9791192806150","1%도전의 행복 챌린지","1%도전의 행복 챌린지 (A331)","케이미라클모닝","15000","A331","A동 3번 라인, 앞에서 3번째, 1층","280","5","285","","","거래","일치"
"9791197549847","나는 계속 이 공간을 유지할 운명이였나 봐요. (Aa13)","나는 계속 이 공간을 유지할 운명이였나 봐요. (Aa13)","지베르니 출판그룹","17000","","위치 정보가 없습니다.","894","1","895","","","거래","일치"
"9791192806167","감사 삶의 시작이자 끝","감사 삶의 시작이자 끝 (A331)","케이미라클모닝","17000","A331","A동 3번 라인, 앞에서 3번째, 1층","472","3","475","","","거래","일치"
"","엽서","엽서","지베르니 출판그룹","0","","위치 정보가 없습니다.","0","0","0","0재고","","거래","일치"
"9791197680441","아빠의 부자수업","아빠의 부자수업 (B163)","오르트","18500","B163","B동 1번 라인, 앞에서 6번째, 3층","3041","6","3047","","","거래","일치"
"9791167851703","부자 사장님은 어떻게 세금을 절세했을까?","부자 사장님은 어떻게 세금을 절세했을까? (B412)","슬로디미디어","16800","B412","B동 4번 라인, 앞에서 1번째, 2층","613","0","613","","","거래","일치"
"9791167851710","다가오는 미래, UAM 사업 시나리오","다가오는 미래, UAM 사업 시나리오 (B411)","슬로디미디어","16000","B411","B동 4번 라인, 앞에서 1번째, 1층","92","0","92","","","거래","일치"
"9791191155402","바다에 꽃빛 비치고","바다에 꽃빛 비치고 (B134)","도서출판 서정문학","12000","B134","B동 1번 라인, 앞에서 3번째, 4층","12","0","12","위험","위험","거래","일치"
"9791191155419","100점 인생을 꿈꾸며","100점 인생을 꿈꾸며 (B133)","도서출판 서정문학","12000","B133","B동 1번 라인, 앞에서 3번째, 3층","13","0","13","위험","위험","거래","일치"
"9791161030999","[2024] 운용사대비 3급필기 모의고사","[2024] 운용사대비 3급필기 모의고사","파스칼미디어","15000","","위치 정보가 없습니다.","0","0","0","0재고","","거래","일치"
"9791161031002","[2024] 운용사대비 2급필기 모의고사","[2024] 운용사대비 2급필기 모의고사","파스칼미디어","16000","","위치 정보가 없습니다.","0","0","0","0재고","","거래","일치"
"9791198042927","그 겨울의 찻집","그 겨울의 찻집","바향서원","18000","","위치 정보가 없습니다.","0","0","0","0재고","","거래","일치"
"5320000037048","그 겨울의 찻집 CALENDAR","그 겨울의 찻집 CALENDAR","바향서원","0","","위치 정보가 없습니다.","0","0","0","0재고","","거래","일치"
"9791192700144","신기한 용의전설 백과사전 (B341c3)","신기한 용의전설 백과사전 (B341c3)","별글","20000","","위치 정보가 없습니다.","1162","0","1162","","","거래","일치"
"9791192700151","신기한 숲속의전설 백과사전 (B341c3)","신기한 숲속의전설 백과사전 (B341c3)","별글","20000","","위치 정보가 없습니다.","1109","0","1109","","","거래","일치"
"9791191157123","스타트업 자금조달 바이블","스타트업 자금조달 바이블 (A351)","씨이오메이커","15000","A351","A동 3번 라인, 앞에서 5번째, 1층","230","0","230","","","거래","일치"
"9791188574568","통이는 그런 고양이야","통이는 그런 고양이야 (A241)","나는별","18000","A241","A동 2번 라인, 앞에서 4번째, 1층","1019","1","1020","","","거래","일치"
"9788992367004","세상여행","세상여행 (B661)","(주)글로벌워십미니스트리","18000","B661","B동 6번 라인, 앞에서 6번째, 1층","94","0","94","","","거래","일치"
"9791161030982","[2024] 전산회계운용사대비 회계원리 입문","[2024] 전산회계운용사대비 회계원리 입문","파스칼미디어","10000","","위치 정보가 없습니다.","0","0","0","0재고","","거래","일치"
"9791191157116","노래로 치유하는 심리테라피","노래로 치유하는 심리테라피 (A351)","씨이오메이커","18000","A351","A동 3번 라인, 앞에서 5번째, 1층","381","0","381","","","거래","일치"
"9791188125524","들어라 아이들의 외침을! (B113c1)","들어라 아이들의 외침을! (B113c1)","국민북스","17000","","위치 정보가 없습니다.","449","0","449","","","거래","일치"
"9791167851642","아이 문해력, 초등 6년이 답이다 (B412b2)","아이 문해력, 초등 6년이 답이다 (B412b2)","슬로디미디어","16800","","위치 정보가 없습니다.","329","0","329","","","거래","일치"
"9791197549830","일자리 그 위대한여정 (Aa12)","일자리 그 위대한여정   (Aa12)","지베르니 출판그룹","25000","","위치 정보가 없습니다.","278","0","278","","","거래","일치"
"9791196475376","엄마를 삼켜버린 도깨비","엄마를 삼켜버린 도깨비 (A322)","품","15000","A322","A동 3번 라인, 앞에서 2번째, 2층","600","2","602","","","거래","일치"
"9791198042910","액티브 시니어로 살 수 있는 운동 컬러링 북 (B342d1)","액티브 시니어로 살 수 있는 운동 컬러링 북 (B342d1)","화엄북스","13000","","위치 정보가 없습니다.","12","0","12","위험","위험","거래","일치"
"9791197934780","위대한 파리 (Aa22)","위대한 파리 (Aa22)","마리앤미","24000","","위치 정보가 없습니다.","628","24","652","","","거래","일치"
"9791192806112","색과 숫자의 기적","색과 숫자의 기적  (A341)","케이미라클모닝","13000","A341","A동 3번 라인, 앞에서 4번째, 1층","359","2","361","","","거래","일치"
"9791167851574","오늘하루 아이에게 내 말투는 어땠을까? (","오늘하루 아이에게 내 말투는 어땠을까? ((B511)","슬로디미디어","16800","B511","B동 5번 라인, 앞에서 1번째, 1층","357","0","357","","","거래","일치"
"9791188876587","앤디 파크의 겸손 (B661c1)","앤디 파크의 겸손 (B661c1)","(주)글로벌워십미니스트리","20000","","위치 정보가 없습니다.","378","0","378","","","거래","일치"
"9791167851581","상처 주는 말로부터 나를 지키는 대화법 (B622c3)","상처 주는 말로부터 나를 지키는 대화법 (B622c3)","슬로디미디어","16000","","위치 정보가 없습니다.","410","0","410","","","거래","일치"
"9791191155396","그리워할 수 있었음에","그리워할 수 있었음에 (B133)","도서출판 서정문학","12000","B133","B동 1번 라인, 앞에서 3번째, 3층","8","0","8","위험","위험","거래","일치"
"9791192806105","룰루의 생각나라 여행","룰루의 생각나라 여행 (A331)","케이미라클모닝","17000","A331","A동 3번 라인, 앞에서 3번째, 1층","1962","0","1962","","","거래","일치"
"9791167851543","괴물이된 성범죄자들 (B412c3)","괴물이된 성범죄자들 (B412c3)","슬로디미디어","16000","","위치 정보가 없습니다.","221","0","221","","","거래","일치"
"9791167851536","나의 첫 회계수업 (B512b3)","나의 첫 회계수업 (B512b3)","슬로디미디어","16800","","위치 정보가 없습니다.","60","0","60","","","거래","일치"
"9791197017971","역사노래와 인성동요 1200곡집","역사노래와 인성동요 1200곡집 (B172)","디자인 존(도서출판 푸른산)","50000","B172","B동 1번 라인, 앞에서 7번째, 2층","5","2","7","위험","위험","거래","일치"
"9791197017988","하얀 수레바퀴","하얀 수레바퀴 (B142)","디자인 존(도서출판 푸른산)","10000","B142","B동 1번 라인, 앞에서 4번째, 2층","10","0","10","위험","위험","거래","일치"
"","마네골 미영이","마네골 미영이","디자인 존(도서출판 푸른산)","10000","","위치 정보가 없습니다.","0","0","0","0재고","","거래","일치"
"9791197069468","호치의 마음을 찾아 떠나는 여행 (B313b3)","호치의 마음을 찾아 떠나는 여행 (B313b3)","빈퍼블리시","15800","","위치 정보가 없습니다.","0","0","0","0재고","","거래","일치"
"9791192700120","냥송이 조선나들이 컬러링북 (B431c3)","냥송이 조선나들이 컬러링북 (B431c3)","별글","16800","","위치 정보가 없습니다.","1914","0","1914","","","거래","일치"
"9791191155389","푸른 은하수","푸른 은하수 (B143)","도서출판 서정문학","12000","B143","B동 1번 라인, 앞에서 4번째, 3층","54","1","55","","","거래","일치"
"9791191155372","고샅에 불던 정담","고샅에 불던 정담 (B143)","도서출판 서정문학","15000","B143","B동 1번 라인, 앞에서 4번째, 3층","29","1","30","위험","위험","거래","일치"
"9791191155365","우화의 저녁","우화의 저녁 (B133)","도서출판 서정문학","12000","B133","B동 1번 라인, 앞에서 3번째, 3층","36","0","36","위험","위험","거래","일치"
"9791192806075","물이나다","물이나다 (A341)","케이미라클모닝","16800","A341","A동 3번 라인, 앞에서 4번째, 1층","328","-3","325","","","거래","일치"
"","50년사 소비자교육중앙회 1971~2022","50년사 소비자교육중앙회 1971~2022","계백북스","0","","위치 정보가 없습니다.","0","0","0","0재고","","거래","일치"
"9791197240195","바이러스 헌터 (B173b3)","바이러스 헌터 (B173b3)","(주)토리아트","13500","","위치 정보가 없습니다.","0","7","7","위험","위험","거래","일치"
"9791167851499","어느날, 남편이 내곁을 떠났습니다.","어느날, 남편이 내곁을 떠났습니다. (B411)","슬로디미디어","16000","B411","B동 4번 라인, 앞에서 1번째, 1층","145","0","145","","","거래","일치"
"9791167851482","인공지능(AI)을 만들기위한 핵심지식","인공지능(AI)을 만들기위한 핵심지식 (B511)","슬로디미디어","16800","B511","B동 5번 라인, 앞에서 1번째, 1층","127","0","127","","","거래","일치"
"9791192095004","불꽃인생-인생시집","불꽃인생-인생시집","계백북스","15000","","위치 정보가 없습니다.","107","10","117","","","거래","일치"
"9791192806082","루이스 헤이의 치유 워크북","루이스 헤이의 치유 워크북 (A331)","케이미라클모닝","16800","A331","A동 3번 라인, 앞에서 3번째, 1층","530","1","531","","","거래","일치"
"9791198334718","한글을 알면 한자를 안다","한글을 알면 한자를 안다","느티나무가 있는 풍경","30000","","위치 정보가 없습니다.","234","8","242","","","거래","일치"
"9791198148995","제3의학","제3의학","느티나무가 있는 풍경","28000","","위치 정보가 없습니다.","214","0","214","","","거래","일치"
"9791188574537","빛방울이 반짝반짝","빛방울이 반짝반짝 (A241)","나는별","18000","A241","A동 2번 라인, 앞에서 4번째, 1층","320","0","320","","","거래","일치"
"9791188574001","[재정가]그리는대로","[재정가]그리는대로 (A131)","나는별","13000","A131","A동 1번 라인, 앞에서 3번째, 1층","398","1","399","","","거래","일치"
"9791167851451","나의 직업은 치과기공사 (B412b3)","나의 직업은 치과기공사 (B412b3)","슬로디미디어","14800","","위치 정보가 없습니다.","28","0","28","위험","위험","거래","일치"
"9791192806051","챗 GPT를 이기는 인간의 책쓰기","챗 GPT를 이기는 인간의 책쓰기 (A342)","케이미라클모닝","16800","A342","A동 3번 라인, 앞에서 4번째, 2층","591","0","591","","","거래","일치"
"9791167851444","저는 놀이로 아이들을 치료합니다. (B432b2)","저는 놀이로 아이들을 치료합니다. (B432b2)","슬로디미디어","16800","","위치 정보가 없습니다.","126","0","126","","","거래","일치"
"9791192806068","세상에는 네모가 너무 많아!","세상에는 네모가 너무 많아! (A342)","케이미라클모닝","13800","A342","A동 3번 라인, 앞에서 4번째, 2층","375","1","376","","","거래","일치"
"9791161030975","[2024]한국세무사회,공인회계사회 공통대비 회계원리입문(B321b3)","[2024]한국세무사회,공인회계사회 공통대비 회계원리입문(B321b3)","파스칼미디어","10000","","위치 정보가 없습니다.","0","0","0","0재고","","거래","일치"
"9791161030968","[2024]전산회계운용사대비 회계원리 필기3급","[2024]전산회계운용사대비 회계원리 필기3급","파스칼미디어","18000","","위치 정보가 없습니다.","0","0","0","0재고","","거래","일치"
"9788992306096","명화로보는 그리스 로마신화 -신의 분노-","명화로보는 그리스 로마신화 -신의 분노- (B241)","도서출판 하늘마루","20000","B241","B동 2번 라인, 앞에서 4번째, 1층","7","0","7","위험","위험","거래","일치"
"9788992306089","명화로보는 그리스 로마신화 -인간의 본성-","명화로보는 그리스 로마신화 -인간의 본성- (B241)","도서출판 하늘마루","20000","B241","B동 2번 라인, 앞에서 4번째, 1층","2","0","2","위험","위험","거래","일치"
"9791198336408","공간디깅 : 더블랭크가 만난 공간들","공간디깅 : 더블랭크가 만난 공간들 (A341)","(주)스페이스뱅크","25000","A341","A동 3번 라인, 앞에서 4번째, 1층","1295","25","1320","","","거래","일치"
"","반품 전용코드","반품 전용코드","현율음악","0","","위치 정보가 없습니다.","0","0","0","0재고","","거래","일치"
"9791198358103","윤&짱의 내집 정리의 기술","윤&짱의 내집 정리의 기술 (B231)","북네스트(book-nest)","23000","B231","B동 2번 라인, 앞에서 3번째, 1층","428","8","436","","","거래","일치"
"9791188574520","우리 함께 ABC","우리 함께 ABC (A251)","나는별","17000","A251","A동 2번 라인, 앞에서 5번째, 1층","77","0","77","","","거래","일치"
"9791188876563","[개정판] 에배 찬양 인도(상)","[개정판] 에배 찬양 인도(상) (B662)","(주)글로벌워십미니스트리","48000","B662","B동 6번 라인, 앞에서 6번째, 2층","330","0","330","","","거래","일치"
"9791192806037","나는 지금 내몸을 사랑하고있는가?","나는 지금 내몸을 사랑하고있는가?  (A341)","케이미라클모닝","13000","A341","A동 3번 라인, 앞에서 4번째, 1층","161","0","161","","","거래","일치"
"9791167851369","선생님의 특별한 수학수업 (B624b2)","선생님의 특별한 수학수업 (B624b2)","슬로디미디어","16000","","위치 정보가 없습니다.","42","0","42","위험","위험","거래","일치"
"9791187642428","[개정증보2판] 배지윤의 아테나 유아교육과정 영역별 기출문제집","[개정증보2판] 배지윤의 아테나 유아교육과정 영역별 기출문제집 (A131)","우리교과서","52000","A131","A동 1번 라인, 앞에서 3번째, 1층","0","1","1","위험","위험","거래","일치"
"9791167851413","사각지대에서 울고 있는 아이들 (B612b3)","사각지대에서 울고 있는 아이들 (B612b3)","슬로디미디어","16000","","위치 정보가 없습니다.","448","0","448","","","거래","일치"
"9791188574018","[재정가] 아름다운 실수","[재정가] 아름다운 실수 (A241)","나는별","16000","A241","A동 2번 라인, 앞에서 4번째, 1층","1124","1","1125","","","거래","일치"
"9791167851376","매일 읽는 지적 교양수업 50","매일 읽는 지적 교양수업 50 (B614)","슬로디미디어","16800","B614","B동 6번 라인, 앞에서 1번째, 4층","80","0","80","","","거래","일치"
"9791167851383","3개월만에 끝내는 수능영어 공부법","3개월만에 끝내는 수능영어 공부법 (B624)","슬로디미디어","16800","B624","B동 6번 라인, 앞에서 2번째, 4층","171","0","171","","","거래","일치"
"9791191155358","달내의 사계","달내의 사계 (B143)","도서출판 서정문학","12000","B143","B동 1번 라인, 앞에서 4번째, 3층","13","0","13","위험","위험","거래","일치"
"9791163262091","[구간]좋은성품으로 지키는 아름다운 성 (Aa22)","[구간]좋은성품으로 지키는 아름다운 성 (Aa22)","좋은나무성품학교","15000","","위치 정보가 없습니다.","0","0","0","0재고","","거래","일치"
"9791188876549","루틴 워십","루틴 워십 (B661)","(주)글로벌워십미니스트리","15000","B661","B동 6번 라인, 앞에서 6번째, 1층","534","0","534","","","거래","일치"
"9791197680427","일하게 하는 리더쉽 (B153b3)","일하게 하는 리더쉽 (B153b3)","오르트","18000","","위치 정보가 없습니다.","0","4","4","위험","위험","거래","일치"
"9791167851345","해양경찰이라서 다행이다","해양경찰이라서 다행이다 (B614)","슬로디미디어","16000","B614","B동 6번 라인, 앞에서 1번째, 4층","240","0","240","","","거래","일치"
"9791191157109","[최신 개정판] 2030 창업 길라잡이","[최신 개정판] 2030 창업 길라잡이 (A352)","씨이오메이커","17000","A352","A동 3번 라인, 앞에서 5번째, 2층","1910","1","1911","","","거래","일치"
"9791192806044","챗GPT","챗GPT (A331)","케이미라클모닝","23000","A331","A동 3번 라인, 앞에서 3번째, 1층","537","0","537","","","거래","일치"
"9791167851321","뇌에서 찾은 미래의 답","뇌에서 찾은 미래의 답 (B632)","슬로디미디어","16800","B632","B동 6번 라인, 앞에서 3번째, 2층","267","0","267","","","거래","일치"
"9791167851291","어쩌다 보니 풋살","어쩌다 보니 풋살 (B311)","슬로디미디어","14800","B311","B동 3번 라인, 앞에서 1번째, 1층","63","0","63","","","거래","일치"
"","덕향","덕향","도서출판 서정문학","12000","","위치 정보가 없습니다.","8","0","8","위험","위험","거래","일치"
"9791167851284","외국인 남편 덕분에 배운 자존감 대화법","외국인 남편 덕분에 배운 자존감 대화법 (B632)","슬로디미디어","16000","B632","B동 6번 라인, 앞에서 3번째, 2층","151","0","151","","","거래","일치"
"9791197435430","착한 기업이 강하다","착한 기업이 강하다","체리M&B","25000","","위치 정보가 없습니다.","69","0","69","","","거래","일치"
"9791191155334","양아치들의 전성시대","양아치들의 전성시대 (B141)","도서출판 서정문학","10000","B141","B동 1번 라인, 앞에서 4번째, 1층","14","0","14","위험","위험","거래","일치"
"9791191155327","세월의 뒤통수에 왕소금을 뿌렸다","세월의 뒤통수에 왕소금을 뿌렸다 (B141)","도서출판 서정문학","10000","B141","B동 1번 라인, 앞에서 4번째, 1층","22","0","22","위험","위험","거래","일치"
"9791191155310","솔기터진 초록바람","솔기터진 초록바람 (B141)","도서출판 서정문학","10000","B141","B동 1번 라인, 앞에서 4번째, 1층","27","0","27","위험","위험","거래","일치"
"8809939630010","루이스헤이의 나에게 힘을 주는 생각","루이스헤이의 나에게 힘을 주는 생각 (A342)","케이미라클모닝","16500","A342","A동 3번 라인, 앞에서 4번째, 2층","615","0","615","","","거래","일치"
"","반품 폐기용","반품 폐기용","(주) 엘코케이- 라온북스","0","","위치 정보가 없습니다.","0","0","0","0재고","","거래","일치"
"9788993409444","아파트 서당에 나타난 맹자 선생님","아파트 서당에 나타난 맹자 선생님 (B232)","북네스트(book-nest)","13800","B232","B동 2번 라인, 앞에서 3번째, 2층","786","7","793","","","거래","일치"
"9791188125494","때가 찬 북한선교","때가 찬 북한선교 (B113)","국민북스","18000","B113","B동 1번 라인, 앞에서 1번째, 3층","352","0","352","","","거래","일치"
"9791188125500","때가 찬 선교통일","때가 찬 선교통일 (B114)","국민북스","18000","B114","B동 1번 라인, 앞에서 1번째, 4층","584","0","584","","","거래","일치"
"9791192700083","보푸라기의 용감한 마음","보푸라기의 용감한 마음 (B531)","별글","16800","B531","B동 5번 라인, 앞에서 3번째, 1층","345","0","345","","","거래","일치"
"","반품","반품","가득뮤직 출판사","0","","위치 정보가 없습니다.","0","0","0","0재고","","거래","일치"
"9791167851260","자기주도 아이 기다리는 엄마","자기주도 아이 기다리는 엄마 (B312)","슬로디미디어","16000","B312","B동 3번 라인, 앞에서 1번째, 2층","46","0","46","위험","위험","거래","일치"
"8809939630003","지금 이 순간 가슴을 이끄는 삶을 살아라","지금 이 순간 가슴을 이끄는 삶을 살아라 (A342)","케이미라클모닝","16500","A342","A동 3번 라인, 앞에서 4번째, 2층","282","0","282","","","거래","일치"
"9791167851208","1일 1페이지 사장수업","1일 1페이지 사장수업 (B312)","슬로디미디어","16000","B312","B동 3번 라인, 앞에서 1번째, 2층","143","0","143","","","거래","일치"
"9791197342240","누리자 유아임용 기출문제집 (연도별기출+기출변형)","누리자 유아임용 기출문제집 (연도별기출+기출변형)","알레그리아","38000","","위치 정보가 없습니다.","0","0","0","0재고","","거래","일치"
"9791167851246","사랑하던 개가 떠났다","사랑하던 개가 떠났다 (B311)","슬로디미디어","16000","B311","B동 3번 라인, 앞에서 1번째, 1층","175","0","175","","","거래","일치"
"9791198148933","소설 환단고기 5권","소설 환단고기 5권","느티나무가 있는 풍경","19000","","위치 정보가 없습니다.","331","14","345","","","거래","일치"
"9791198148926","소설 환단고기 4권","소설 환단고기 4권","느티나무가 있는 풍경","19000","","위치 정보가 없습니다.","358","11","369","","","거래","일치"
"9791198148919","소설 환단고기 3권","소설 환단고기 3권","느티나무가 있는 풍경","19000","","위치 정보가 없습니다.","254","14","268","","","거래","일치"
"9791187594185","(개정판) 꼭 알아야하는 실용음악이론 -기초편- (Bb13)","(개정판) 꼭 알아야하는 실용음악이론 -기초편- (Bb13)","가득뮤직 출판사","18000","","위치 정보가 없습니다.","85","1","86","","","거래","일치"
"9791167851215","불편하게 사는게 당연하진 않습니다.","불편하게 사는게 당연하진 않습니다. (B632)","슬로디미디어","16000","B632","B동 6번 라인, 앞에서 3번째, 2층","2","0","2","위험","위험","거래","일치"
"9791189998301","냥송이 사계절 컬러링북","냥송이 사계절 컬러링북(B541)","별글","14800","B541","B동 5번 라인, 앞에서 4번째, 1층","1012","0","1012","","","거래","일치"
"9791191155303","한국대표서정 산문선 5","한국대표서정 산문선 5","도서출판 서정문학","12000","","위치 정보가 없습니다.","18","0","18","위험","위험","거래","일치"
"9791191155297","한국대표서정 시선 13","한국대표서정 시선 13","도서출판 서정문학","12000","","위치 정보가 없습니다.","16","0","16","위험","위험","거래","일치"
"9791192806013","기적의 아침 1분 HAPPIER 습관","기적의 아침 1분 HAPPIER 습관 (A331)","케이미라클모닝","15000","A331","A동 3번 라인, 앞에서 3번째, 1층","511","3","514","","","거래","일치"
"9791188876402","예배가 이끄는 삶 (B661C3)","예배가 이끄는 삶 (B661C3)","(주)글로벌워십미니스트리","28000","","위치 정보가 없습니다.","299","0","299","","","거래","일치"
"9791195380121","[개정] 오늘은 내가 스타","[개정] 오늘은 내가 스타 (A242)","나는별","14000","A242","A동 2번 라인, 앞에서 4번째, 2층","30","0","30","위험","위험","거래","일치"
"9791167851161","세상에서 가장 강력한 백신은 사람입니다.","세상에서 가장 강력한 백신은 사람입니다. (B311)","슬로디미디어","16000","B311","B동 3번 라인, 앞에서 1번째, 1층","285","0","285","","","거래","일치"
"9791167851178","나 자신에게 집중할때 결국 답은 내안에 있다 (B311b3)","나 자신에게 집중할때 결국 답은 내안에 있다 (B311b3)","슬로디미디어","16000","","위치 정보가 없습니다.","56","0","56","","","거래","일치"
"9791188125487","위그노처럼 (묵상집)","위그노처럼 (묵상집) (B112)","국민북스","14000","B112","B동 1번 라인, 앞에서 1번째, 2층","314","0","314","","","거래","일치"
"9791188125463","인생 만남","인생 만남 (B112)","국민북스","15000","B112","B동 1번 라인, 앞에서 1번째, 2층","263","7","270","","","거래","일치"
"9791188125470","루이스씨, 이어령입니다.","루이스씨, 이어령입니다. (B113)","국민북스","15000","B113","B동 1번 라인, 앞에서 1번째, 3층","35","0","35","위험","위험","거래","일치"
"9791191155280","너는 담쟁이처럼","너는 담쟁이처럼 (B144)","도서출판 서정문학","10000","B144","B동 1번 라인, 앞에서 4번째, 4층","8","4","12","위험","위험","거래","일치"
"9791188574506","마음을 담은 병","마음을 담은 병 (A251)","나는별","16000","A251","A동 2번 라인, 앞에서 5번째, 1층","740","0","740","","","거래","일치"
"9791197680410","도시의 밤하늘","도시의 밤하늘 (B153)","오르트","18500","B153","B동 1번 라인, 앞에서 5번째, 3층","601","4","605","","","거래","일치"
"9791197017995","민들레와 향나무 같은","민들레와 향나무 같은","디자인 존(도서출판 푸른산)","10000","","위치 정보가 없습니다.","16","0","16","위험","위험","거래","일치"
"9791197017957","사랑 하나 찾고 싶습니다","사랑 하나 찾고 싶습니다","디자인 존(도서출판 푸른산)","10000","","위치 정보가 없습니다.","20","0","20","위험","위험","거래","일치"
"9791197017964","내동생 참새래요","내동생 참새래요","디자인 존(도서출판 푸른산)","15000","","위치 정보가 없습니다.","10","0","10","위험","위험","거래","일치"
"9791167851123","이토록 낚시가 좋아지는 순간","이토록 낚시가 좋아지는 순간 (B312)","슬로디미디어","14800","B312","B동 3번 라인, 앞에서 1번째, 2층","57","0","57","","","거래","일치"
"9791161030951","2023 운용사대비 더존 회계실무 2급","2023 운용사대비 더존 회계실무 2급","파스칼미디어","23000","","위치 정보가 없습니다.","56","0","56","","","거래","일치"
"9791167851109","어떤 개발자가 되고 싶니?","어떤 개발자가 되고 싶니? (B523)","슬로디미디어","16000","B523","B동 5번 라인, 앞에서 2번째, 3층","18","0","18","위험","위험","거래","일치"
"9791167851116","사춘기 딸 갱년기 엄마는 성숙해지는 중입니다.","사춘기 딸 갱년기 엄마는 성숙해지는 중입니다. (B521)","슬로디미디어","16000","B521","B동 5번 라인, 앞에서 2번째, 1층","1","0","1","위험","위험","거래","일치"
"9788993409437","[2023개정판] 주니어경제 시리즈-1 생활의 기본 화폐, 돈","[2023개정판] 주니어경제 시리즈-1 생활의 기본 화폐, 돈","북네스트(book-nest)","13500","","위치 정보가 없습니다.","638","0","638","","","거래","일치"
"9791161030937","[2023] 운용사대비 2급필기 모의고사","[2023] 운용사대비 2급필기 모의고사","파스칼미디어","16000","","위치 정보가 없습니다.","0","0","0","0재고","","거래","일치"
"9791161030913","[2023]전산회계운용사대비 회계원리 필기3급 (Ba21)","[2023]전산회계운용사대비 회계원리 필기3급 (Ba21)","파스칼미디어","17000","","위치 정보가 없습니다.","0","0","0","0재고","","거래","일치"
"9791198148902","어느 인사쟁이의 행복 직장이야기","어느 인사쟁이의 행복 직장이야기","느티나무가 있는 풍경","18000","","위치 정보가 없습니다.","107","0","107","","","거래","일치"
"9791161030920","[2023] 운용사대비 3급필기 모의고사","[2023] 운용사대비 3급필기 모의고사","파스칼미디어","14000","","위치 정보가 없습니다.","0","0","0","0재고","","거래","일치"
"9791197134197","꼬마철학자 두발로","꼬마철학자 두발로 (B212)","느티나무가 있는 풍경","18000","B212","B동 2번 라인, 앞에서 1번째, 2층","356","0","356","","","거래","일치"
"9791197759796","369 긍정확언","369 긍정확언  (A311)","케이미라클모닝","15000","A311","A동 3번 라인, 앞에서 1번째, 1층","298","0","298","","","거래","일치"
"9791192700069","배가 좋아","배가 좋아 (B431)","별글","20000","B431","B동 4번 라인, 앞에서 3번째, 1층","550","0","550","","","거래","일치"
"9791186877791","세상의 모든 아이들을위한 인권사전","세상의 모든 아이들을위한 인권사전 (b683)","별글","15000","B683","B동 6번 라인, 앞에서 8번째, 3층","1091","0","1091","","","거래","일치"
"9791197342233","개정2판) 누리자 자유 유아 교직논술","개정2판) 누리자 자유 유아 교직논술","알레그리아","23000","","위치 정보가 없습니다.","0","0","0","0재고","","거래","일치"
"9791161030906","[완전최신판] 회계원리 필기2급","[완전최신판] 회계원리 필기2급 (B331)","파스칼미디어","17000","B331","B동 3번 라인, 앞에서 3번째, 1층","11","0","11","위험","위험","거래","일치"
"9791192700052","비행기가 좋아","비행기가 좋아 (B431)","별글","20000","B431","B동 4번 라인, 앞에서 3번째, 1층","343","3","346","","","거래","일치"
"9791192700045","트럭이 좋아","트럭이 좋아 (B431)","별글","20000","B431","B동 4번 라인, 앞에서 3번째, 1층","531","3","534","","","거래","일치"
"9791161030081","[교] 개정교육과정 회계정보처리시스템 - 3","[교] 개정교육과정 회계정보처리시스템 - 3","파스칼미디어","10700","","위치 정보가 없습니다.","4","0","4","위험","위험","거래","일치"
"9791196475352","도깨비가 그림책 읽는 법","도깨비가 그림책 읽는 법 (A322)","품","15000","A322","A동 3번 라인, 앞에서 2번째, 2층","81","12","93","","","거래","일치"
"9791167851086","마흔, 나는 경제적 자유를 얻었다","마흔, 나는 경제적 자유를 얻었다 (B522)","슬로디미디어","16000","B522","B동 5번 라인, 앞에서 2번째, 2층","388","0","388","","","거래","일치"
"9791167851048","당신을 만나지 않았더라면","당신을 만나지 않았더라면 (B522)","슬로디미디어","16000","B522","B동 5번 라인, 앞에서 2번째, 2층","397","0","397","","","거래","일치"
"9791187384236","폴리머클레이 클래스 (B222))","폴리머클레이 클래스 (B222))","도림북스","22000","","위치 정보가 없습니다.","403","10","413","","","거래","일치"
"9791191157093","커리어 브랜딩","커리어 브랜딩 (A342)","씨이오메이커","17000","A342","A동 3번 라인, 앞에서 4번째, 2층","665","0","665","","","거래","일치"
"9791167851055","아이의 뇌를 알면 공부가 쉽다","아이의 뇌를 알면 공부가 쉽다 (B631)","슬로디미디어","16000","B631","B동 6번 라인, 앞에서 3번째, 1층","7","0","7","위험","위험","거래","일치"
"9791197132926","불멸의 문장들","불멸의 문장들","우시모북스","20000","","위치 정보가 없습니다.","401","35","436","","","거래","일치"
"9791192806006","나는 나를 사랑하기로 했다.","나는 나를 사랑하기로 했다. (A331)","케이미라클모닝","15800","A331","A동 3번 라인, 앞에서 3번째, 1층","130","4","134","","","거래","일치"
"9791187642381","신세계 초등 과학 수업","신세계 초등 과학 수업 (A141)","우리교과서","15000","A141","A동 1번 라인, 앞에서 4번째, 1층","111","0","111","","","거래","일치"
"9791167850966","상처까지 받으면서 들어야 할 말은 없다","상처까지 받으면서 들어야 할 말은 없다 (B523)","슬로디미디어","16000","B523","B동 5번 라인, 앞에서 2번째, 3층","55","0","55","","","거래","일치"
"9791167850959","우리는 조금 더 예민해야 한다.","우리는 조금 더 예민해야 한다. (B613)","슬로디미디어","16000","B613","B동 6번 라인, 앞에서 1번째, 3층","58","0","58","","","거래","일치"
"9791167850942","전과목 A학점 학생들은 이렇게 공부합니다","전과목 A학점 학생들은 이렇게 공부합니다 (B613)","슬로디미디어","16000","B613","B동 6번 라인, 앞에서 1번째, 3층","270","0","270","","","거래","일치"
"9791197549823","공짜는 없다 ( (Aa13)","공짜는 없다 ( (Aa13)","지베르니 출판그룹","30000","","위치 정보가 없습니다.","195","2","197","","","거래","일치"
"9791187085041","의적 붉은입술","의적 붉은입술","도서출판 활빈당","12000","","위치 정보가 없습니다.","601","1","602","","","거래","일치"
"9791188574469","기억의 숲을 지나","기억의 숲을 지나 (A231)","나는별","14000","A231","A동 2번 라인, 앞에서 3번째, 1층","292","0","292","","","거래","일치"
"9791197934711","위험한 유산 (Aa23)","위험한 유산 (Aa23)","마리앤미","20000","","위치 정보가 없습니다.","177","12","189","","","거래","일치"
"9791167850911","요즘 소비트렌드 (B522b3)","요즘 소비트렌드 (B522b3)","슬로디미디어","16000","","위치 정보가 없습니다.","402","0","402","","","거래","일치"
"9791167850904","저는 부모님을 요양병원에 모시려고 합니다.","저는 부모님을 요양병원에 모시려고 합니다. (B613)","슬로디미디어","16000","B613","B동 6번 라인, 앞에서 1번째, 3층","43","0","43","위험","위험","거래","일치"
"9791191155273","왼손의 애가","왼손의 애가 (B144)","도서출판 서정문학","10000","B144","B동 1번 라인, 앞에서 4번째, 4층","35","2","37","위험","위험","거래","일치"
"9791189256012","연해옥추보경 (B162b3)","연해옥추보경 (B162b3)","태학당","35000","","위치 정보가 없습니다.","590","5","595","","","거래","일치"
"9791197934704","도리 이야기 (Aa12)","도리 이야기 (Aa12)","마리앤미","14000","","위치 정보가 없습니다.","466","11","477","","","거래","일치"
"","반품","반품","알레그리아","0","","위치 정보가 없습니다.","0","0","0","0재고","","거래","일치"
"9788993409413","어린이 세계 지식여행","어린이 세계 지식여행 (B232)","북네스트(book-nest)","12800","B232","B동 2번 라인, 앞에서 3번째, 2층","446","1","447","","","거래","일치"
"9791167850881","너를 만났다 (B512b3)","너를 만났다 (B512b3)","슬로디미디어","16000","","위치 정보가 없습니다.","389","0","389","","","거래","일치"
"9791191155266","가슴으로 듣는 노래","가슴으로 듣는 노래 (B121)","도서출판 서정문학","10000","B121","B동 1번 라인, 앞에서 2번째, 1층","41","3","44","위험","위험","거래","일치"
"9791191155259","소식주의","소식주의 (B121)","도서출판 서정문학","10000","B121","B동 1번 라인, 앞에서 2번째, 1층","34","1","35","위험","위험","거래","일치"
"9791167850867","MZ세대와 라떼 사장님이 함께만드는 조직문화 (B521b3)","MZ세대와 라떼 사장님이 함께만드는 조직문화 (B521b3)","슬로디미디어","16000","","위치 정보가 없습니다.","9","0","9","위험","위험","거래","일치"
"9791197759789","세상을 이끄는 상위 1%의비밀 독서법","세상을 이끄는 상위 1%의비밀 독서법 (A321)","케이미라클모닝","17000","A321","A동 3번 라인, 앞에서 2번째, 1층","104","2","106","","","거래","일치"
"9791188125456","참 목회를 위하여","참 목회를 위하여","국민북스","16000","","위치 정보가 없습니다.","780","17","797","","","거래","일치"
"9791189998493","30. 카라마조프 가의 형제들 3","30. 카라마조프 가의 형제들 3 (B672)","별글","12500","B672","B동 6번 라인, 앞에서 7번째, 2층","753","0","753","","","거래","일치"
"9791189998486","29. 카라마조프 가의 형제들 2","29. 카라마조프 가의 형제들 2 (B672)","별글","12000","B672","B동 6번 라인, 앞에서 7번째, 2층","793","0","793","","","거래","일치"
"9791189998479","28. 카라마조프 가의 형제들 1","28. 카라마조프 가의 형제들 1 (B672)","별글","13000","B672","B동 6번 라인, 앞에서 7번째, 2층","695","0","695","","","거래","일치"
"9791189704209","[개정판]어른들을 위한 그림책테라피","[개정판]어른들을 위한 그림책테라피","피그말리온","16000","","위치 정보가 없습니다.","0","0","0","0재고","","거래","일치"
"9791197240119","토리의 수상한 가방","토리의 수상한 가방 (B173)","(주)토리아트","13500","B173","B동 1번 라인, 앞에서 7번째, 3층","0","0","0","0재고","","거래","일치"
"9791191155228","징검이 다리","징검이 다리 (B141)","도서출판 서정문학","12000","B141","B동 1번 라인, 앞에서 4번째, 1층","17","3","20","위험","위험","거래","일치"
"9791191155242","서정 뜨락에 핀 꽃","서정 뜨락에 핀 꽃 (B141)","도서출판 서정문학","15000","B141","B동 1번 라인, 앞에서 4번째, 1층","17","2","19","위험","위험","거래","일치"
"9791188574452","하나는 뱀이 좋아","하나는 뱀이 좋아 (A231)","나는별","15000","A231","A동 2번 라인, 앞에서 3번째, 1층","930","0","930","","","거래","일치"
"9791167850812","청소년을 위한 이것이 인공지능 이다","청소년을 위한 이것이 인공지능 이다 (B521)","슬로디미디어","16000","B521","B동 5번 라인, 앞에서 2번째, 1층","1033","0","1033","","","거래","일치"
"9791187642367","(최신경향)배지윤의 아테나 유아교육과정 연도별 변형-기출문제집","(최신경향)배지윤의 아테나 유아교육과정 연도별  변형-기출문제집(A121)","우리교과서","45000","A121","A동 1번 라인, 앞에서 2번째, 1층","217","2","219","","","거래","일치"
"9791197017940","촬영하러 어디갈까?","촬영하러 어디갈까?","디자인 존(도서출판 푸른산)","28000","","위치 정보가 없습니다.","9","1","10","위험","위험","거래","일치"
"9791197759772","루이스 헤이의 말씨공부","루이스 헤이의 말씨공부 (A321)","케이미라클모닝","14000","A321","A동 3번 라인, 앞에서 2번째, 1층","531","0","531","","","거래","일치"
"9791167850836","무작정 부동산 사무실을 차렸습니다.","무작정 부동산 사무실을 차렸습니다. (B521)","슬로디미디어","16000","B521","B동 5번 라인, 앞에서 2번째, 1층","48","0","48","위험","위험","거래","일치"
"9791191155235","바다알 두번째 이야기","바다알 두번째 이야기 (B141)","도서출판 서정문학","10000","B141","B동 1번 라인, 앞에서 4번째, 1층","38","4","42","위험","위험","거래","일치"
"9791197017926","아름다운 동행","아름다운 동행 (B143)","디자인 존(도서출판 푸른산)","12000","B143","B동 1번 라인, 앞에서 4번째, 3층","34","0","34","위험","위험","거래","일치"
"9791188125449","우리는 알이랑 민족","우리는 알이랑 민족 (B213)","국민북스","23000","B213","B동 2번 라인, 앞에서 1번째, 3층","519","12","531","","","거래","일치"
"9791167850805","청소일로 돈 벌고 있습니다. (B631b3)","청소일로 돈 벌고 있습니다. (B631b3)","슬로디미디어","16000","","위치 정보가 없습니다.","107","0","107","","","거래","일치"
"9791197934797","인투 더 플래닛 (Aa22)","인투 더 플래닛 (Aa22)","마리앤미","18500","","위치 정보가 없습니다.","393","19","412","","","거래","일치"
"9791188125432","아들아, 이렇게 살아라 (B113b3)","아들아, 이렇게 살아라 (B113b3)","국민북스","16000","","위치 정보가 없습니다.","35","4","39","위험","위험","거래","일치"
"9791161030890","[완전최신판] 원가회계 필기2급 (증정)","[완전최신판] 원가회계 필기2급 (증정) (B341)","파스칼미디어","0","B341","B동 3번 라인, 앞에서 4번째, 1층","0","0","0","0재고","","거래","일치"
"9791161030890","[완전최신판] 원가회계 필기2급","[완전최신판] 원가회계 필기2급 (B321)","파스칼미디어","17000","B321","B동 3번 라인, 앞에서 2번째, 1층","0","0","0","0재고","","거래","일치"
"9788992668088","(큰글씨) 영으로 찬양 베스트 5","(큰글씨) 영으로 찬양 베스트  5 (B531)","(주)글로벌워십미니스트리","27000","B531","B동 5번 라인, 앞에서 3번째, 1층","35","0","35","위험","위험","거래","일치"
"9788992668057","(큰글씨) 영으로 찬양 베스트 4","(큰글씨) 영으로 찬양 베스트  4 (B531)","(주)글로벌워십미니스트리","22000","B531","B동 5번 라인, 앞에서 3번째, 1층","0","0","0","0재고","","거래","일치"
"9788992668033","(큰글씨) 영으로 찬양 베스트 3","(큰글씨) 영으로 찬양 베스트  3 (B531)","(주)글로벌워십미니스트리","18000","B531","B동 5번 라인, 앞에서 3번째, 1층","0","0","0","0재고","","거래","일치"
"9788992668002","(큰글씨) 영으로 찬양 베스트 2","(큰글씨) 영으로 찬양 베스트  2 (B531)","(주)글로벌워십미니스트리","14000","B531","B동 5번 라인, 앞에서 3번째, 1층","116","0","116","","","거래","일치"
"9791189998455","이 구역 딸기는 내 거야","이 구역 딸기는 내 거야 (B531)","별글","15000","B531","B동 5번 라인, 앞에서 3번째, 1층","469","0","469","","","거래","일치"
"9788944491030","해양과학총서 10 (선박의 이해) (Ab22)","해양과학총서 10 (선박의 이해) (Ab22)","계백북스","18000","","위치 정보가 없습니다.","870","1","871","","","거래","일치"
"9791197759710","미라클 홈 오피스","미라클 홈 오피스 (A342)","케이미라클모닝","15000","A342","A동 3번 라인, 앞에서 4번째, 2층","37","13","50","위험","위험","거래","일치"
"9791191155181","발자국","발자국 (B143)","도서출판 서정문학","12000","B143","B동 1번 라인, 앞에서 4번째, 3층","12","2","14","위험","위험","거래","일치"
"9791167850003","맞아도 되는 아이는 없다","맞아도 되는 아이는 없다 (B634)","슬로디미디어","16000","B634","B동 6번 라인, 앞에서 3번째, 4층","30","0","30","위험","위험","거래","일치"
"9791167850775","저 산후 우울증인 것 같아요","저 산후 우울증인 것 같아요 (B634)","슬로디미디어","16000","B634","B동 6번 라인, 앞에서 3번째, 4층","33","0","33","위험","위험","거래","일치"
"9791187436348","[개정판)왕리카이, 나는 크라운 앰배서더다!","[개정판)왕리카이, 나는 크라운 앰배서더다! (A341)","나무북스","13000","A341","A동 3번 라인, 앞에서 4번째, 1층","109","0","109","","","거래","일치"
"9791188125425","기도의 집으로 열방을 변혁하라","기도의 집으로 열방을 변혁하라 (B111)","국민북스","16000","B111","B동 1번 라인, 앞에서 1번째, 1층","359","5","364","","","거래","일치"
"9791197759765","지식창업 쉽게 성공하기","지식창업 쉽게 성공하기 (A331)","케이미라클모닝","15000","A331","A동 3번 라인, 앞에서 3번째, 1층","84","0","84","","","거래","일치"
"","반품 전용","반품 전용","아이들은자연이다","0","","위치 정보가 없습니다.","0","0","0","0재고","","거래","일치"
"9791197017919","고추먹고 맴맴 동요 100년사 이야기","고추먹고 맴맴 동요 100년사 이야기 (B143)","디자인 존(도서출판 푸른산)","15000","B143","B동 1번 라인, 앞에서 4번째, 3층","6","0","6","위험","위험","거래","일치"
"9791191157086","너를 들이쉬고 나를 내쉬다","너를 들이쉬고 나를 내쉬다 (A342)","씨이오메이커","18000","A342","A동 3번 라인, 앞에서 4번째, 2층","857","0","857","","","거래","일치"
"9791197069451","암을 넘어 살림으로","암을 넘어 살림으로 (B413)","빈퍼블리시","18000","B413","B동 4번 라인, 앞에서 1번째, 3층","0","0","0","0재고","","거래","일치"
"9791188574445","우리는 단짝","우리는 단짝 (A221)","나는별","14000","A221","A동 2번 라인, 앞에서 2번째, 1층","300","0","300","","","거래","일치"
"9791167850096","저는 NFT 미술투자가 처음 인데요","저는 NFT 미술투자가 처음 인데요 (B634)","슬로디미디어","16000","B634","B동 6번 라인, 앞에서 3번째, 4층","334","0","334","","","거래","일치"
"9791191155211","빛나는 마음","빛나는 마음 (B143)","도서출판 서정문학","10000","B143","B동 1번 라인, 앞에서 4번째, 3층","42","5","47","위험","위험","거래","일치"
"9791197751400","반야심경","반야심경 (B332)","화엄북스","9000","B332","B동 3번 라인, 앞에서 3번째, 2층","220","0","220","","","거래","일치"
"9791197751431","관세음보살보문품","관세음보살보문품 (B332)","화엄북스","9000","B332","B동 3번 라인, 앞에서 3번째, 2층","229","0","229","","","거래","일치"
"9791197751424","금강경","금강경 (B332)","화엄북스","9000","B332","B동 3번 라인, 앞에서 3번째, 2층","952","0","952","","","거래","일치"
"9791197751462","신묘장구대다라니","신묘장구대다라니 (B332)","화엄북스","9000","B332","B동 3번 라인, 앞에서 3번째, 2층","77","2","79","","","거래","일치"
"9791197751455","광명진언","광명진언 (B332)","화엄북스","9000","B332","B동 3번 라인, 앞에서 3번째, 2층","484","0","484","","","거래","일치"
"9791197751417","천수경","천수경 (B342)","화엄북스","9000","B342","B동 3번 라인, 앞에서 4번째, 2층","252","0","252","","","거래","일치"
"","반품","반품","도서출판 자주보라","0","","위치 정보가 없습니다.","0","0","0","0재고","","거래","일치"
"9791197759758","나는 잘될 거야","나는 잘될 거야 (A331)","케이미라클모닝","15000","A331","A동 3번 라인, 앞에서 3번째, 1층","120","0","120","","","거래","일치"
"9791189998974","27. 폭풍의언덕","27. 폭풍의언덕 (B532)","별글","9900","B532","B동 5번 라인, 앞에서 3번째, 2층","406","0","406","","","거래","일치"
"9791167850744","나의 첫 모빌리티 수업","나의 첫 모빌리티 수업 (B634)","슬로디미디어","15000","B634","B동 6번 라인, 앞에서 3번째, 4층","249","0","249","","","거래","일치"
"9791197134180","우리 남편 바람, 군수님이 책임지세요","우리 남편 바람, 군수님이 책임지세요 (B211)","느티나무가 있는 풍경","15000","B211","B동 2번 라인, 앞에서 1번째, 1층","148","-43","105","","","거래","일치"
"9791196417888","어카운터블","어카운터블 (B163)","도레미엔터테인먼트","19800","B163","B동 1번 라인, 앞에서 6번째, 3층","659","1","660","","","거래","일치"
"9791161030876","[2023]전산회계운용사대비 회계원리 입문","[2023]전산회계운용사대비 회계원리 입문","파스칼미디어","9500","","위치 정보가 없습니다.","0","0","0","0재고","","거래","일치"
"9791161030883","[2023]한국세무사회,공인회계사회 공통대비 회계원리입문","[2023]한국세무사회,공인회계사회 공통대비 회계원리입문","파스칼미디어","9500","","위치 정보가 없습니다.","4","0","4","위험","위험","거래","일치"
"9791191155204","수목장","수목장 (B143)","도서출판 서정문학","10000","B143","B동 1번 라인, 앞에서 4번째, 3층","20","10","30","위험","위험","거래","일치"
"9791189998967","소르르 일러스트 컬러링북","소르르 일러스트 컬러링북 (B431)","별글","14800","B431","B동 4번 라인, 앞에서 3번째, 1층","717","0","717","","","거래","일치"
"9791197759741","슈퍼리치 부자들의 3분","슈퍼리치 부자들의 3분 (A331)","케이미라클모닝","15000","A331","A동 3번 라인, 앞에서 3번째, 1층","206","0","206","","","거래","일치"
"9791167850713","이것이 메타버스 마케팅이다","이것이 메타버스 마케팅이다 (B633)","슬로디미디어","16000","B633","B동 6번 라인, 앞에서 3번째, 3층","267","0","267","","","거래","일치"
"9791167850690","디지털 문해력수업","디지털 문해력수업 (B633)","슬로디미디어","16000","B633","B동 6번 라인, 앞에서 3번째, 3층","0","0","0","0재고","","거래","일치"
"9791191155198","서정시 이렇게 쓰면 쉽게쓸 수 있다","서정시 이렇게 쓰면 쉽게쓸 수 있다 (B143)","도서출판 서정문학","15000","B143","B동 1번 라인, 앞에서 4번째, 3층","0","2","2","위험","위험","거래","일치"
"9791188574414","선생님을 만나서","선생님을 만나서 (A221)","나는별","13000","A221","A동 2번 라인, 앞에서 2번째, 1층","190","9","199","","","거래","일치"
"9791197759734","나는 꿈이 있는 여우같은 아내입니다.","나는 꿈이 있는 여우같은 아내입니다.(A321)","케이미라클모닝","15000","A321","A동 3번 라인, 앞에서 2번째, 1층","163","0","163","","","거래","일치"
"9791197134173","뇌를 아니?","뇌를 아니? (B211)","느티나무가 있는 풍경","24000","B211","B동 2번 라인, 앞에서 1번째, 1층","10","17","27","위험","위험","거래","일치"
"9791167850683","나는 전자발찌를 채우는 사람입니다.","나는 전자발찌를 채우는 사람입니다. (B633)","슬로디미디어","16000","B633","B동 6번 라인, 앞에서 3번째, 3층","18","0","18","위험","위험","거래","일치"
"9791197286186","할아버지의 틀니가 사라졌어요 (Aa23)","할아버지의 틀니가 사라졌어요 (Aa23)","마리앤미","13000","","위치 정보가 없습니다.","234","12","246","","","거래","일치"
"9791188574407","언제나 바로 너!","언제나 바로 너! (A231)","나는별","16000","A231","A동 2번 라인, 앞에서 3번째, 1층","537","0","537","","","거래","일치"
"9788992367981","뛰어넘음 (","뛰어넘음 ( (B651)","(주)글로벌워십미니스트리","18000","B651","B동 6번 라인, 앞에서 5번째, 1층","103","0","103","","","거래","일치"
"9791188876501","성막, 하나님을 꿈꾸다","성막, 하나님을 꿈꾸다 (B651)","(주)글로벌워십미니스트리","18000","B651","B동 6번 라인, 앞에서 5번째, 1층","91","0","91","","","거래","일치"
"9791188125418","바다행전 (Bb11)","바다행전 (Bb11)","국민북스","16000","","위치 정보가 없습니다.","91","1","92","","","거래","일치"
"","반품전용","반품전용","보통의 나날","0","","위치 정보가 없습니다.","0","2","2","위험","위험","거래","일치"
"9791188876488","모던 워십","모던 워십 (B651)","(주)글로벌워십미니스트리","20000","B651","B동 6번 라인, 앞에서 5번째, 1층","332","0","332","","","거래","일치"
"9791167850652","15분이면 뚝딱 와인 안주 요리 (B5121)","15분이면 뚝딱 와인 안주 요리 (B5121)","슬로디미디어","18500","","위치 정보가 없습니다.","0","0","0","0재고","","거래","일치"
"9791167850645","첫 문장 쓰기가 어렵다고요?","첫 문장 쓰기가 어렵다고요? (B512)","슬로디미디어","16000","B512","B동 5번 라인, 앞에서 1번째, 2층","250","0","250","","","거래","일치"
"9791196835095","연필들고 동시 따라 쓰기 - 윤동주 외 8인","연필들고 동시 따라 쓰기 - 윤동주 외 8인","도서출판 자주보라","14500","","위치 정보가 없습니다.","1033","17","1050","","","거래","일치"
"9791197759727","루이스 헤이의 명상록","루이스 헤이의 명상록(A321)","케이미라클모닝","14000","A321","A동 3번 라인, 앞에서 2번째, 1층","174","0","174","","","거래","일치"
"9791167850614","UAM (B633b3)","UAM (B633b3)","슬로디미디어","16000","","위치 정보가 없습니다.","22","0","22","위험","위험","거래","일치"
"9791187594154","할수있어 재즈 피아노 (Bb12)","할수있어 재즈 피아노 (Bb12)","가득뮤직 출판사","18000","","위치 정보가 없습니다.","266","6","272","","","거래","일치"
"9791167850607","오늘도 사장으로 살아가는 당신에게","오늘도 사장으로 살아가는 당신에게 (B512)","슬로디미디어","16000","B512","B동 5번 라인, 앞에서 1번째, 2층","85","0","85","","","거래","일치"
"9791188236237","우주를 재자 (Aa63)","우주를 재자 (Aa63)","아이들은자연이다","15000","","위치 정보가 없습니다.","867","3","870","","","거래","일치"
"9791189704193","유령친구","유령친구 (A211)","피그말리온","12000","A211","A동 2번 라인, 앞에서 1번째, 1층","0","0","0","0재고","","거래","일치"
"9791189998936","그저 클래식이 좋아서","그저 클래식이 좋아서 (B672)","별글","15000","B672","B동 6번 라인, 앞에서 7번째, 2층","669","0","669","","","거래","일치"
"9791197759703","미라클 바디","미라클 바디 (A321)","케이미라클모닝","13000","A321","A동 3번 라인, 앞에서 2번째, 1층","311","1","312","","","거래","일치"
"9791195554997","이상한 나라의 미적분","이상한 나라의 미적분  (B162)","오르트","19800","B162","B동 1번 라인, 앞에서 6번째, 2층","613","0","613","","","거래","일치"
"","반품","반품","디자인 존(도서출판 푸른산)","0","","위치 정보가 없습니다.","0","0","0","0재고","","거래","일치"
"9791197286193","돌연변이 올챙이의 비밀 (Aa22)","돌연변이 올챙이의 비밀 (Aa22)","마리앤미","14000","","위치 정보가 없습니다.","176","1","177","","","거래","일치"
"9791167850584","첫 주식 기필코 성공하라","첫 주식 기필코 성공하라 (B512)","슬로디미디어","16000","B512","B동 5번 라인, 앞에서 1번째, 2층","92","0","92","","","거래","일치"
"9791161030845","(완전최신판) 뉴바이블 회계원리 필기이론 [교사용]","(완전최신판) 뉴바이블 회계원리 필기이론 [교사용] (B341)","파스칼미디어","0","B341","B동 3번 라인, 앞에서 4번째, 1층","0","0","0","0재고","","거래","일치"
"9791161030845","(완전최신판) 뉴바이블 회계원리 필기이론","(완전최신판) 뉴바이블 회계원리 필기이론 (B331)","파스칼미디어","16000","B331","B동 3번 라인, 앞에서 3번째, 1층","0","0","0","0재고","","거래","일치"
"9791161030111","2015개정 성공적인직업생활 - 3","2015개정 성공적인직업생활 - 3","파스칼미디어","9700","","위치 정보가 없습니다.","0","0","0","0재고","","거래","일치"
"9791161030098","2015개정 사무관리 - 3","2015개정 사무관리 - 3","파스칼미디어","11000","","위치 정보가 없습니다.","273","0","273","","","거래","일치"
"9791161030074","2015개정 회계원리 - 3","2015개정 회계원리 - 3","파스칼미디어","10900","","위치 정보가 없습니다.","17","0","17","위험","위험","거래","일치"
"9791197459597","꿈을 위한 기적지도","꿈을 위한 기적지도 (A321)","케이미라클모닝","15000","A321","A동 3번 라인, 앞에서 2번째, 1층","141","0","141","","","거래","일치"
"9791197435423","사랑의 바이올린 스토리","사랑의 바이올린 스토리 (B183)","체리M&B","18000","B183","B동 1번 라인, 앞에서 8번째, 3층","0","3","3","위험","위험","거래","일치"
"9791189704179","나를 알아가는 공부 명리수업","나를 알아가는 공부 명리수업 (A212)","피그말리온","16000","A212","A동 2번 라인, 앞에서 1번째, 2층","0","0","0","0재고","","거래","일치"
"9791191155167","한국대표서정 시선 12","한국대표서정 시선 12 (B143)","도서출판 서정문학","12000","B143","B동 1번 라인, 앞에서 4번째, 3층","2","27","29","위험","위험","거래","일치"
"9791191155174","한국대표서정 산문선 4","한국대표서정 산문선 4 (B143)","도서출판 서정문학","12000","B143","B동 1번 라인, 앞에서 4번째, 3층","20","26","46","위험","위험","거래","일치"
"9791167850522","다시쓰는 반려일기","다시쓰는 반려일기 (B511)","슬로디미디어","16000","B511","B동 5번 라인, 앞에서 1번째, 1층","49","0","49","위험","위험","거래","일치"
"9791167850508","나는 오늘도 메타버스로 출근합니다.","나는 오늘도 메타버스로 출근합니다. (B511)","슬로디미디어","16000","B511","B동 5번 라인, 앞에서 1번째, 1층","52","0","52","","","거래","일치"
"9791188876464","예배의 흐름","예배의 흐름 (B522)","(주)글로벌워십미니스트리","15000","B522","B동 5번 라인, 앞에서 2번째, 2층","147","0","147","","","거래","일치"
"9791189998608","길은 사라지지 않아","길은 사라지지 않아 (B672)","별글","15000","B672","B동 6번 라인, 앞에서 7번째, 2층","105","0","105","","","거래","일치"
"9791195380107","[재정가]우리땅 노래 그림첵","[재정가]우리땅 노래 그림첵 (A252)","나는별","13500","A252","A동 2번 라인, 앞에서 5번째, 2층","823","0","823","","","거래","일치"
"9781735827308","CHARACTER INNOVATION (Aa34)-성품이노베이션(영문판)","CHARACTER INNOVATION (Aa34)-성품이노베이션(영문판)","좋은나무성품학교","20000","","위치 정보가 없습니다.","73","0","73","","","거래","일치"
"9791196475345","신기한 푸른돌","신기한 푸른돌 (A322)","품","13000","A322","A동 3번 라인, 앞에서 2번째, 2층","1048","7","1055","","","거래","일치"
"9791197286148","질퍽질퍽 진흙집 (Aa31)","질퍽질퍽 진흙집 (Aa31)","마리앤미","12000","","위치 정보가 없습니다.","205","3","208","","","거래","일치"
"9791167850492","불편하지만 사는 데 지장 없습니다 (B511b3)","불편하지만 사는 데 지장 없습니다 (B511b3)","슬로디미디어","16000","","위치 정보가 없습니다.","147","0","147","","","거래","일치"
"9791188125395","우리 미래는 하나님의 약속만큼 밝다","우리 미래는 하나님의 약속만큼 밝다 (B114)","국민북스","16000","B114","B동 1번 라인, 앞에서 1번째, 4층","92","3","95","","","거래","일치"
"9791167850430","메타버스 골드러시","메타버스 골드러시 (B511)","슬로디미디어","16000","B511","B동 5번 라인, 앞에서 1번째, 1층","506","0","506","","","거래","일치"
"9791188574377","아피야의 하얀 원피스","아피야의 하얀 원피스 (A221)","나는별","13000","A221","A동 2번 라인, 앞에서 2번째, 1층","912","0","912","","","거래","일치"
"9791189998592","정말 정말 신기한 환상동물 백과사전","정말 정말 신기한 환상동물 백과사전 (B441)","별글","17000","B441","B동 4번 라인, 앞에서 4번째, 1층","249","1","250","","","거래","일치"
"9788993409390","주니어경제 시리즈-4 금융을 알아야 잘살아요","주니어경제 시리즈-4 금융을 알아야 잘살아요 (B232)","북네스트(book-nest)","13000","B232","B동 2번 라인, 앞에서 3번째, 2층","616","1","617","","","거래","일치"
"9791197459573","LOVE YOUR BODY","LOVE YOUR BODY (A342)","케이미라클모닝","12000","A342","A동 3번 라인, 앞에서 4번째, 2층","19","1","20","위험","위험","거래","일치"
"9791197132919","걷다가 떠난 여행 (Aa13)","걷다가 떠난 여행 (Aa13)","우시모북스","20000","","위치 정보가 없습니다.","36","0","36","위험","위험","거래","일치"
"9791189704162","생각의 형태","생각의 형태 (A212)","피그말리온","42000","A212","A동 2번 라인, 앞에서 1번째, 2층","0","0","0","0재고","","거래","일치"
"9791197549816","엄마는 카페에 때수건을 팔라고 하셨어 (Aa13)","엄마는 카페에 때수건을 팔라고 하셨어 (Aa13)","지베르니 출판그룹","15000","","위치 정보가 없습니다.","398","0","398","","","거래","일치"
"9791191155150","아득한 그리움","아득한 그리움 (B141)","도서출판 서정문학","12000","B141","B동 1번 라인, 앞에서 4번째, 1층","5","13","18","위험","위험","거래","일치"
"9791167850416","당신없는 세상은 여전히 낯설지만","당신없는 세상은 여전히 낯설지만 (B512)","슬로디미디어","16000","B512","B동 5번 라인, 앞에서 1번째, 2층","31","0","31","위험","위험","거래","일치"
"9791167850423","우리아이 첫 독립육아 (B621b3)","우리아이 첫 독립육아 (B621b3)","슬로디미디어","15800","","위치 정보가 없습니다.","299","0","299","","","거래","일치"
"9791187420903","만남","만남","도서명문","12000","","위치 정보가 없습니다.","5","0","5","위험","위험","거래","일치"
"9791189998585","그저 피아노가 좋아서","그저 피아노가 좋아서 (B543)","별글","15000","B543","B동 5번 라인, 앞에서 4번째, 3층","1621","1","1622","","","거래","일치"
"9791197459566","기적을 만드는 감사메모","기적을 만드는 감사메모 (A321)","케이미라클모닝","15000","A321","A동 3번 라인, 앞에서 2번째, 1층","781","1","782","","","거래","일치"
"9791188125401","행복한 기도","행복한 기도 (B114)","국민북스","17000","B114","B동 1번 라인, 앞에서 1번째, 4층","65","0","65","","","거래","일치"
"9788991935853","[2022] 한식조리기능사 필기&실기","[2022] 한식조리기능사 필기&실기","도서출판크로바","27000","","위치 정보가 없습니다.","33","5","38","위험","위험","거래","일치"
"9788991935860","[2022] 양식조리기능사 필기&실기","[2022] 양식조리기능사 필기&실기","도서출판크로바","27000","","위치 정보가 없습니다.","48","4","52","","","거래","일치"
"9788991935891","[2022] 한식 조리 기능장 필기&실기","[2022] 한식 조리 기능장 필기&실기","도서출판크로바","27000","","위치 정보가 없습니다.","1","6","7","위험","위험","거래","일치"
"9788991935907","[2022]조리기능사 1주완성","[2022]조리기능사 1주완성","도서출판크로바","15000","","위치 정보가 없습니다.","88","4","92","","","거래","일치"
"9788991935877","[2022]일식 복어 조리기능사 필기&실기","[2022]일식 복어 조리기능사 필기&실기","도서출판크로바","27000","","위치 정보가 없습니다.","38","3","41","위험","위험","거래","일치"
"9788991935884","[2022] 중식 조리기능사 필기&실기","[2022] 중식 조리기능사 필기&실기","도서출판크로바","27000","","위치 정보가 없습니다.","28","36","64","","","거래","일치"
"9791197286162","아빠한텐 집이 너무작아 (Aa31)","아빠한텐 집이 너무작아 (Aa31)","마리앤미","13000","","위치 정보가 없습니다.","157","3","160","","","거래","일치"
"9791167850379","찍신 강림(수능영어편)","찍신 강림(수능영어편) (B612)","슬로디미디어","18000","B612","B동 6번 라인, 앞에서 1번째, 2층","47","0","47","위험","위험","거래","일치"
"9791167850355","서울대 엄마의 첫 주식수업","서울대 엄마의 첫 주식수업 (B512)","슬로디미디어","16000","B512","B동 5번 라인, 앞에서 1번째, 2층","89","0","89","","","거래","일치"
"9791167850348","규제의 흐름을 알면 부동산 투자가 보인다","규제의 흐름을 알면 부동산 투자가 보인다 (B512)","슬로디미디어","16000","B512","B동 5번 라인, 앞에서 1번째, 2층","96","0","96","","","거래","일치"
"9791186796405","나는 수능에 나온 단어만 공부한다 (Ba21)","나는 수능에 나온 단어만 공부한다 (Ba21)","(주)우공이산","12900","","위치 정보가 없습니다.","151","1","152","","","거래","일치"
"9791187085027","박문수의 야다시","박문수의 야다시 (B182)","도서출판 활빈당","12000","B182","B동 1번 라인, 앞에서 8번째, 2층","317","8","325","","","거래","일치"
"9791197134159","서애 류성룡 인생십계명","서애 류성룡 인생십계명 (B211)","느티나무가 있는 풍경","16000","B211","B동 2번 라인, 앞에서 1번째, 1층","117","22","139","","","거래","일치"
"9791191155143","詩가 흐르는 강물","詩가 흐르는 강물 (B121)","도서출판 서정문학","12000","B121","B동 1번 라인, 앞에서 2번째, 1층","20","7","27","위험","위험","거래","일치"
"9791188876198","고난 중에 하나님을 예배하는 9가지 방법","고난 중에 하나님을 예배하는 9가지 방법 (B522)","(주)글로벌워십미니스트리","13000","B522","B동 5번 라인, 앞에서 2번째, 2층","0","3","3","위험","위험","거래","일치"
"9791187436331","Success Affirmations(석세스 어퍼메이션)","Success Affirmations(석세스 어퍼메이션) (A353)","나무북스","16000","A353","A동 3번 라인, 앞에서 5번째, 3층","631","2","633","","","거래","일치"
"9791197286179","귀농멍 위키와 나 (Aa22)","귀농멍 위키와 나 (Aa22)","마리앤미","15000","","위치 정보가 없습니다.","210","5","215","","","거래","일치"
"9791167850287","나의 하루는 명상에서 시작된다 (B621b3)","나의 하루는 명상에서 시작된다 (B621b3)","슬로디미디어","16500","","위치 정보가 없습니다.","29","0","29","위험","위험","거래","일치"
"9791167850300","UN에서 일해야만 사람들을 도울 수 있나요?","UN에서 일해야만 사람들을 도울 수 있나요? (B512)","슬로디미디어","16000","B512","B동 5번 라인, 앞에서 1번째, 2층","168","0","168","","","거래","일치"
"9791167850294","나는 매일매일 주말처럼 산다","나는 매일매일 주말처럼 산다 (B623)","슬로디미디어","16000","B623","B동 6번 라인, 앞에서 2번째, 3층","43","0","43","위험","위험","거래","일치"
"9791188574230","천천히 천천히","천천히 천천히 (A251)","나는별","14000","A251","A동 2번 라인, 앞에서 5번째, 1층","2684","0","2684","","","거래","일치"
"9791197549809","별;오름에서 편지를 띄우며 (Aa13)","별;오름에서 편지를 띄우며 (Aa13)","지베르니 출판그룹","20000","","위치 정보가 없습니다.","32","0","32","위험","위험","거래","일치"
"","반품 폐기 도서","반품 폐기 도서","체리M&B","0","","위치 정보가 없습니다.","0","0","0","0재고","","거래","일치"
"9791189998554","26. 무기여 잘있거라","26. 무기여 잘있거라 (B541)","별글","8800","B541","B동 5번 라인, 앞에서 4번째, 1층","550","0","550","","","거래","일치"
"9791189998523","별글클래식 파스텔에디션 4 (그린) 5권세트","별글클래식 파스텔에디션 4 (그린) 5권세트 (B673)","별글","40700","B673","B동 6번 라인, 앞에서 7번째, 3층","295","0","295","","","거래","일치"
"9791189998516","별글클래식 파스텔에디션 3 (노랑) 5권세트","별글클래식 파스텔에디션 3 (노랑) 5권세트 (B673)","별글","40700","B673","B동 6번 라인, 앞에서 7번째, 3층","296","0","296","","","거래","일치"
"9791189998509","별글클래식 파스텔에디션 2 (핑크) 5권세트","별글클래식 파스텔에디션 2 (핑크) 5권세트 (B673)","별글","39600","B673","B동 6번 라인, 앞에서 7번째, 3층","228","0","228","","","거래","일치"
"9791189998561","별글클래식 파스텔에디션 1 (하늘) 5권세트","별글클래식 파스텔에디션 1 (하늘) 5권세트 (B673)","별글","38500","B673","B동 6번 라인, 앞에서 7번째, 3층","278","0","278","","","거래","일치"
"","마스터 정화노트","마스터 정화노트 (A321)","케이미라클모닝","15000","A321","A동 3번 라인, 앞에서 2번째, 1층","0","0","0","0재고","","거래","일치"
"9791197435416","대통령, 대통령직","대통령, 대통령직","체리M&B","18000","","위치 정보가 없습니다.","45","0","45","위험","위험","거래","일치"
"9791197274633","어반스케치 기억해요, 너부대마을","어반스케치 기억해요, 너부대마을","꿈꾸는별","8000","","위치 정보가 없습니다.","0","0","0","0재고","","거래","일치"
"9791167850249","어느날, 나에게 공황장애가 찾아왔습니다.","어느날, 나에게 공황장애가 찾아왔습니다. (B621)","슬로디미디어","16000","B621","B동 6번 라인, 앞에서 2번째, 1층","192","0","192","","","거래","일치"
"9791167850232","이토록 골프가 좋아지는 순간","이토록 골프가 좋아지는 순간 (B623)","슬로디미디어","16000","B623","B동 6번 라인, 앞에서 2번째, 3층","97","0","97","","","거래","일치"
"9791167850225","나는 네트워크 마케팅으로 매일매일 부자로 산다","나는 네트워크 마케팅으로 매일매일 부자로 산다 (B622)","슬로디미디어","16800","B622","B동 6번 라인, 앞에서 2번째, 2층","1","0","1","위험","위험","거래","일치"
"9791187384229","놀라운 대륙, 남극","놀라운 대륙, 남극 (B222)","도림북스","25000","B222","B동 2번 라인, 앞에서 2번째, 2층","541","6","547","","","거래","일치"
"9791197459535","How to use HAPPINESS","How to use HAPPINESS (A342)","케이미라클모닝","15000","A342","A동 3번 라인, 앞에서 4번째, 2층","15","0","15","위험","위험","거래","일치"
"9791187642336","2019 개정 누리과정 총정리 문제집","2019 개정 누리과정 총정리 문제집 (A221)","우리교과서","35000","A221","A동 2번 라인, 앞에서 2번째, 1층","133","3","136","","","거래","일치"
"9791188125388","위그노 처럼 (B114b3)","위그노 처럼 (B114b3)","국민북스","17000","","위치 정보가 없습니다.","1083","2","1085","","","거래","일치"
"9791191157079","(개정판) 기술사업화","(개정판) 기술사업화 (A352)","씨이오메이커","22000","A352","A동 3번 라인, 앞에서 5번째, 2층","12","0","12","위험","위험","거래","일치"
"9791197459511","마스터 (THE MASTER)","마스터 (THE MASTER) (A321)","케이미라클모닝","15000","A321","A동 3번 라인, 앞에서 2번째, 1층","573","3","576","","","거래","일치"
"9791188977963","말투에도 연습이 필요합니다. (B622b3)","말투에도 연습이 필요합니다. (B622b3)","슬로디미디어","16000","","위치 정보가 없습니다.","24","0","24","위험","위험","거래","일치"
"9791188977970","이것이 마이 데이터다","이것이 마이 데이터다 (B622)","슬로디미디어","15000","B622","B동 6번 라인, 앞에서 2번째, 2층","26","0","26","위험","위험","거래","일치"
"9791188977987","우리아이 첫 영어","우리아이 첫 영어 (B621)","슬로디미디어","16000","B621","B동 6번 라인, 앞에서 2번째, 1층","74","0","74","","","거래","일치"
"9791195570560","0.1%의 비밀, 아두이노 기초편","0.1%의 비밀, 아두이노 기초편 (B532)","(주)투에이치앤에스","20000","B532","B동 5번 라인, 앞에서 3번째, 2층","829","0","829","","","거래","일치"
"9791188574223","내가 가장 듣고싶은 말","내가 가장 듣고싶은 말 (A111)","나는별","14000","A111","A동 1번 라인, 앞에서 1번째, 1층","0","3","3","위험","위험","거래","일치"
"9788993409383","10년후 나는 잘살고 있을까","10년후 나는 잘살고 있을까 (B232)","북네스트(book-nest)","15000","B232","B동 2번 라인, 앞에서 3번째, 2층","140","9","149","","","거래","일치"
"9791196835040","수박색깔 웃음","수박색깔 웃음","도서출판 자주보라","12000","","위치 정보가 없습니다.","671","0","671","","","거래","일치"
"","도서폐기","도서폐기","계백북스","0","","위치 정보가 없습니다.","0","0","0","0재고","","거래","일치"
"9791189998547","(빅북)세상의 모든 아이들을위한 인권사전","(빅북)세상의 모든 아이들을위한 인권사전 (B431)","별글","17000","B431","B동 4번 라인, 앞에서 3번째, 1층","505","2","507","","","거래","일치"
"9791191155129","텅 빈 곳간","텅 빈 곳간 (B141)","도서출판 서정문학","10000","B141","B동 1번 라인, 앞에서 4번째, 1층","13","24","37","위험","위험","거래","일치"
"9791188977895","미리캔버스 너도 디자인 할 수 있어!","미리캔버스 너도 디자인 할 수 있어! (B431)","슬로디미디어","18500","B431","B동 4번 라인, 앞에서 3번째, 1층","300","0","300","","","거래","일치"
"9791191155112","노을을 바라보며","노을을 바라보며 (B141)","도서출판 서정문학","10000","B141","B동 1번 라인, 앞에서 4번째, 1층","20","22","42","위험","위험","거래","일치"
"9791187642312","전공일본어 영역별","전공일본어 영역별  (A111)","우리교과서","52000","A111","A동 1번 라인, 앞에서 1번째, 1층","204","0","204","","","거래","일치"
"9791188876440","성경적 하나님의 임재연습","성경적 하나님의 임재연습 (B522)","(주)글로벌워십미니스트리","18000","B522","B동 5번 라인, 앞에서 2번째, 2층","394","0","394","","","거래","일치"
"9791197459504","딱 1년만 말투를 바꿔보자","딱 1년만 말투를 바꿔보자 (A321)","케이미라클모닝","15000","A321","A동 3번 라인, 앞에서 2번째, 1층","491","3","494","","","거래","일치"
"9791188977871","의사가 되려고요","의사가 되려고요 (B613)","슬로디미디어","14800","B613","B동 6번 라인, 앞에서 1번째, 3층","1","0","1","위험","위험","거래","일치"
"9791188977888","라이브커머스 24시","라이브커머스 24시 (B623)","슬로디미디어","15000","B623","B동 6번 라인, 앞에서 2번째, 3층","88","0","88","","","거래","일치"
"9791195539888","인생, NO 답","인생, NO 답","화인아츠출판","12000","","위치 정보가 없습니다.","0","0","0","0재고","","거래","일치"
"9791197134166","소설 환단고기 2권","소설 환단고기 2권 (B211)","느티나무가 있는 풍경","16000","B211","B동 2번 라인, 앞에서 1번째, 1층","1597","29","1626","","","거래","일치"
"9791197134142","소설 환단고기 1권","소설 환단고기 1권 (B211)","느티나무가 있는 풍경","16000","B211","B동 2번 라인, 앞에서 1번째, 1층","958","24","982","","","거래","일치"
"9791188125371","남북중 고속철도의 꿈","남북중 고속철도의 꿈 (B111)","국민북스","18000","B111","B동 1번 라인, 앞에서 1번째, 1층","373","11","384","","","거래","일치"
"9791197286155","엄마를 위해! (Aa21)","엄마를 위해! (Aa21)","마리앤미","13000","","위치 정보가 없습니다.","281","2","283","","","거래","일치"
"9791191155105","달빛조각이 심장을 두드릴 때","달빛조각이 심장을 두드릴 때 (B133)","도서출판 서정문학","10000","B133","B동 1번 라인, 앞에서 3번째, 3층","12","24","36","위험","위험","거래","일치"
"9791191155099","별빛언덕에서","별빛언덕에서 (B141)","도서출판 서정문학","10000","B141","B동 1번 라인, 앞에서 4번째, 1층","15","15","30","위험","위험","거래","일치"
"","반품(훼손등 폐기용)","반품(훼손등 폐기용)","국민북스","0","","위치 정보가 없습니다.","0","0","0","0재고","","거래","일치"
"9791188977819","온택트 시대 비대면 말하기 수업 (B623b3)","온택트 시대 비대면 말하기 수업 (B623b3)","슬로디미디어","16000","","위치 정보가 없습니다.","197","0","197","","","거래","일치"
"9791188977826","결국 성취하는 사람들의 뇌는 어떻게 만들어지는가?","결국 성취하는 사람들의 뇌는 어떻게 만들어지는가? (B613)","슬로디미디어","16000","B613","B동 6번 라인, 앞에서 1번째, 3층","30","0","30","위험","위험","거래","일치"
"9791188977802","나의 첫 스피치수업","나의 첫 스피치수업 (B422)","슬로디미디어","15000","B422","B동 4번 라인, 앞에서 2번째, 2층","0","0","0","0재고","","거래","일치"
"9791187384212","쪼물딱루씨의 손뜨개인형","쪼물딱루씨의 손뜨개인형 (B222)","도림북스","22000","B222","B동 2번 라인, 앞에서 2번째, 2층","1178","4","1182","","","거래","일치"
"9791189998448","나는 날마다 우주여행을 한다","나는 날마다 우주여행을 한다 (B542)","별글","12000","B542","B동 5번 라인, 앞에서 4번째, 2층","429","0","429","","","거래","일치"
"9791197069444","생각을 그리다 (B413b3)","생각을 그리다 (B413b3)","빈퍼블리시","18000","","위치 정보가 없습니다.","0","0","0","0재고","","거래","일치"
"9791197135484","루이스헤이의 내면의 지혜","루이스헤이의 내면의 지혜 (B313)","빈퍼블리시","13800","B313","B동 3번 라인, 앞에서 1번째, 3층","0","0","0","0재고","","거래","일치"
"9791197435409","윤석열의 진심 (Bc11)","윤석열의 진심  (Bc11)","체리M&B","13000","","위치 정보가 없습니다.","77","0","77","","","거래","일치"
"9791189998431","정말정말 신기한 바다생물 백과사전","정말정말 신기한 바다생물 백과사전 (B441)","별글","17000","B441","B동 4번 라인, 앞에서 4번째, 1층","144","1","145","","","거래","일치"
"9791189998424","정말정말 신기한 공룡 백과사전","정말정말 신기한 공룡 백과사전 (B441)","별글","17000","B441","B동 4번 라인, 앞에서 4번째, 1층","220","0","220","","","거래","일치"
"9791189996338","유쥬? 과학사","유쥬? 과학사 (B412)","YJ크리에이티브(파란북스)","25000","B412","B동 4번 라인, 앞에서 1번째, 2층","4844","0","4844","","","거래","일치"
"9791188574193","내 안에 나무","내 안에 나무 (A121)","나는별","16000","A121","A동 1번 라인, 앞에서 2번째, 1층","593","0","593","","","거래","일치"
"9791189088248","독서의 가치 (B413b3)","독서의 가치 (B413b3)","빈퍼블리시","12000","","위치 정보가 없습니다.","0","0","0","0재고","","거래","일치"
"9791188977765","이왕 시작한거 딱, 100일만 달려 볼께요","이왕 시작한거 딱, 100일만 달려 볼께요 (B611)","슬로디미디어","15800","B611","B동 6번 라인, 앞에서 1번째, 1층","199","0","199","","","거래","일치"
"9791188977772","인공지능 생존수업 (B611b3)","인공지능 생존수업 (B611b3)","슬로디미디어","16000","","위치 정보가 없습니다.","139","0","139","","","거래","일치"
"9788991935846","[2021] 2종 보통 운전면허 실출문제 (Aa11)","[2021] 2종 보통 운전면허 실출문제 (Aa11)","도서출판크로바","11000","","위치 정보가 없습니다.","50","0","50","위험","위험","거래","일치"
"9788991935839","[2021] 1종 보통 운전면허 실출문제 (Aa11)","[2021] 1종 보통 운전면허 실출문제 (Aa11)","도서출판크로바","11000","","위치 정보가 없습니다.","49","0","49","위험","위험","거래","일치"
"9791187642305","[개정증보] 배지윤의 아테나 유아교육과정 - 워크북(각론편)","[개정증보] 배지윤의 아테나 유아교육과정 - 워크북(각론편) (A452)","우리교과서","32000","A452","A동 4번 라인, 앞에서 5번째, 2층","194","0","194","","","거래","일치"
"9791191155075","챠강티메","챠강티메 (B134)","도서출판 서정문학","10000","B134","B동 1번 라인, 앞에서 3번째, 4층","28","14","42","위험","위험","거래","일치"
"9791191155082","해먹에 누워","해먹에 누워 (B134)","도서출판 서정문학","10000","B134","B동 1번 라인, 앞에서 3번째, 4층","24","14","38","위험","위험","거래","일치"
"9791163261100","성품이노베이션 (Aa33)","성품이노베이션 (Aa33)","좋은나무성품학교","14000","","위치 정보가 없습니다.","0","0","0","0재고","","거래","일치"
"","영어탈피 초급편 단어장 특허 제2버전 -4","영어탈피 초급편 단어장 특허 제2버전 -4","(주)우공이산","13500","","위치 정보가 없습니다.","0","0","0","0재고","","거래","일치"
"9791186796382","영어탈피 초급편 단어장 특허 제2버전 -3","영어탈피 초급편 단어장 특허 제2버전 -3","(주)우공이산","13500","","위치 정보가 없습니다.","0","0","0","0재고","","거래","일치"
"9791186796375","영어탈피 초급편 단어장 특허 제2버전 -2","영어탈피 초급편 단어장 특허 제2버전 -2","(주)우공이산","13500","","위치 정보가 없습니다.","0","0","0","0재고","","거래","일치"
"9791186796368","영어탈피 초급편 단어장 특허 제2버전 -1","영어탈피 초급편 단어장 특허 제2버전 -1","(주)우공이산","13500","","위치 정보가 없습니다.","0","0","0","0재고","","거래","일치"
"9791186796351","영어탈피 초급편 단어장 특허 제2버전 4권세트","영어탈피 초급편 단어장 특허 제2버전 4권세트","(주)우공이산","54000","","위치 정보가 없습니다.","0","0","0","0재고","","거래","일치"
"9791191157017","2021 공간 트렌드","2021 공간 트렌드 (A351)","씨이오메이커","14000","A351","A동 3번 라인, 앞에서 5번째, 1층","37","0","37","위험","위험","거래","일치"
"9791188977703","처음 나이드는 사람들에게","처음 나이드는 사람들에게 (B611)","슬로디미디어","16000","B611","B동 6번 라인, 앞에서 1번째, 1층","27","0","27","위험","위험","거래","일치"
"9791161030760","[2021] 전산회계2급 모의+기출문제집 (증정)","[2021] 전산회계2급 모의+기출문제집 (증정) (B341)","파스칼미디어","0","B341","B동 3번 라인, 앞에서 4번째, 1층","4","0","4","위험","위험","거래","일치"
"9791161030760","[2021] 전산회계2급 모의+기출문제집","[2021] 전산회계2급 모의+기출문제집 (B331)","파스칼미디어","17000","B331","B동 3번 라인, 앞에서 3번째, 1층","32","0","32","위험","위험","거래","일치"
"9791188977727","분양의세계 (B611b3)","분양의세계 (B611b3)","슬로디미디어","16800","","위치 정보가 없습니다.","1","0","1","위험","위험","거래","일치"
"9788981522575","셰인박사의 영양혁명 (Ab11)","셰인박사의 영양혁명 (Ab11)","도서출판 동도원","16000","","위치 정보가 없습니다.","443","16","459","","","거래","일치"
"9791197135491","21세기에 성공하는 힘있는 여자","21세기에 성공하는 힘있는 여자 (B313)","빈퍼블리시","15000","B313","B동 3번 라인, 앞에서 1번째, 3층","0","0","0","0재고","","거래","일치"
"9791161030753","완전최신판 단원별 회계원리 3급필기(8절)","완전최신판 단원별 회계원리 3급필기(8절) (B331)","파스칼미디어","13000","B331","B동 3번 라인, 앞에서 3번째, 1층","303","2","305","","","거래","일치"
"9791187594147","로직으로 따라하는 비트메이킹 (Bb13)","로직으로 따라하는 비트메이킹 (Bb13)","가득뮤직 출판사","29000","","위치 정보가 없습니다.","146","2","148","","","거래","일치"
"9791196835033","페리의 여행가방","페리의 여행가방 (B644)","도서출판 자주보라","12000","B644","B동 6번 라인, 앞에서 4번째, 4층","752","0","752","","","거래","일치"
"9791188977710","온택트 시대 네트워크 마케팅","온택트 시대 네트워크 마케팅 (B421)","슬로디미디어","15000","B421","B동 4번 라인, 앞에서 2번째, 1층","237","0","237","","","거래","일치"
"9791188574186","용감한몰리","용감한몰리 (A231)","나는별","14000","A231","A동 2번 라인, 앞에서 3번째, 1층","692","0","692","","","거래","일치"
"9791161030692","[최신판] 최신판 한권으로 끝내는 통합본 2급필기 (Ba22)","[최신판] 최신판 한권으로 끝내는 통합본 2급필기 (Ba22)","파스칼미디어","25000","","위치 정보가 없습니다.","20","0","20","위험","위험","거래","일치"
"9791189998387","25. 파우스트 2 (Bc32)","25. 파우스트 2 (Bc32)","별글","8800","","위치 정보가 없습니다.","652","0","652","","","거래","일치"
"9791189998370","24. 파우스트 1 (Bc32)","24. 파우스트 1 (Bc32)","별글","7700","","위치 정보가 없습니다.","591","0","591","","","거래","일치"
"9791161030098","[교] 개정교육과정 사무관리 2","[교] 개정교육과정 사무관리 2 (B311)","파스칼미디어","11000","B311","B동 3번 라인, 앞에서 1번째, 1층","13","0","13","위험","위험","거래","일치"
"9791161030081","[교] 개정교육과정 회계정보처리시스템 2","[교] 개정교육과정 회계정보처리시스템 2","파스칼미디어","10700","","위치 정보가 없습니다.","0","0","0","0재고","","거래","일치"
"9791161030074","[교] 개정교육과정 회계원리 2","[교] 개정교육과정 회계원리 2 (B311)","파스칼미디어","10900","B311","B동 3번 라인, 앞에서 1번째, 1층","5","0","5","위험","위험","거래","일치"
"9791189704155","진격의 사피엔스","진격의 사피엔스 (A211)","피그말리온","17000","A211","A동 2번 라인, 앞에서 1번째, 1층","0","0","0","0재고","","거래","일치"
"9791197132902","느낌 그게뭔데, 문장 (Aa13)","느낌 그게뭔데, 문장 (Aa13)","우시모북스","15000","","위치 정보가 없습니다.","166","24","190","","","거래","일치"
"9791188977680","은행원은 어떻게 돈을 모을까?","은행원은 어떻게 돈을 모을까? (B612)","슬로디미디어","14800","B612","B동 6번 라인, 앞에서 1번째, 2층","58","0","58","","","거래","일치"
"9791187642282","[개정판]배지윤의 아테나 유아교육과정-워크북(총론편)","[개정판]배지윤의 아테나 유아교육과정-워크북(총론편) (A221)","우리교과서","25000","A221","A동 2번 라인, 앞에서 2번째, 1층","176","0","176","","","거래","일치"
"9791191155051","한국대표 서정 시선11","한국대표 서정 시선11 (B131)","도서출판 서정문학","10000","B131","B동 1번 라인, 앞에서 3번째, 1층","18","4","22","위험","위험","거래","일치"
"9791191155068","한국대표 서정 산문선 3","한국대표 서정 산문선 3 (B131)","도서출판 서정문학","10000","B131","B동 1번 라인, 앞에서 3번째, 1층","19","11","30","위험","위험","거래","일치"
"9791197069420","미라클 마인드","미라클 마인드 (B313)","빈퍼블리시","15000","B313","B동 3번 라인, 앞에서 1번째, 3층","0","0","0","0재고","","거래","일치"
"9791189998356","아주 작은 생각의 힘(Bc32)","아주 작은 생각의 힘(Bc32)","별글","15000","","위치 정보가 없습니다.","607","0","607","","","거래","일치"
"9791188574179","별별초록별","별별초록별 (A231)","나는별","13000","A231","A동 2번 라인, 앞에서 3번째, 1층","894","0","894","","","거래","일치"
"9791191155044","목로","목로 (B131)","도서출판 서정문학","12000","B131","B동 1번 라인, 앞에서 3번째, 1층","29","3","32","위험","위험","거래","일치"
"9788944490941","해양과학총서 9 (해양법과 정책) (Ab33)","해양과학총서 9 (해양법과 정책) (Ab33)","계백북스","18000","","위치 정보가 없습니다.","1496","2","1498","","","거래","일치"
"9791197286131","나를찾아줘 아트포스터 (Aa21)","나를찾아줘 아트포스터 (Aa21)","마리앤미","14800","","위치 정보가 없습니다.","384","2","386","","","거래","일치"
"9791197286117","나를찾아줘 신박한상식 (Aa21)","나를찾아줘 신박한상식 (Aa21)","마리앤미","14800","","위치 정보가 없습니다.","363","3","366","","","거래","일치"
"9791188876426","코로나 이후 예배 설교 미래 리포트","코로나 이후 예배 설교 미래 리포트 (B522)","(주)글로벌워십미니스트리","15000","B522","B동 5번 라인, 앞에서 2번째, 2층","2","0","2","위험","위험","거래","일치"
"","공부습관 -노트","공부습관  -노트","슬로디미디어","0","","위치 정보가 없습니다.","0","0","0","0재고","","거래","일치"
"9791188977666","올에이 우등생들의 똑똑한 공부 습관","올에이 우등생들의 똑똑한 공부 습관 (B612)","슬로디미디어","15000","B612","B동 6번 라인, 앞에서 1번째, 2층","18","0","18","위험","위험","거래","일치"
"","한국 대표 산문선 1","한국 대표 산문선 1","도서출판 서정문학","10000","","위치 정보가 없습니다.","17","0","17","위험","위험","거래","일치"
"9791191155037","시가 아니라, 맞다","시가 아니라, 맞다 (B134)","도서출판 서정문학","12000","B134","B동 1번 라인, 앞에서 3번째, 4층","58","0","58","","","거래","일치"
"9791197274619","동네 책방, 동네 한 바퀴","동네 책방, 동네 한 바퀴","꿈꾸는별","10000","","위치 정보가 없습니다.","0","27","27","위험","위험","거래","일치"
"9791197274626","일년에 한 놈씩","일년에 한 놈씩","꿈꾸는별","11000","","위치 정보가 없습니다.","0","30","30","위험","위험","거래","일치"
"9791197274602","노란문이 있는 책방","노란문이 있는 책방","꿈꾸는별","12000","","위치 정보가 없습니다.","0","30","30","위험","위험","거래","일치"
"9791197286124","나를찾아줘 우주+레트로 (Aa21)","나를찾아줘 우주+레트로 (Aa21)","마리앤미","14800","","위치 정보가 없습니다.","299","2","301","","","거래","일치"
"8809626040061","이상한나라의 앨리스 캘리그라피","이상한나라의 앨리스 캘리그라피 (B673)","별글","5000","B673","B동 6번 라인, 앞에서 7번째, 3층","590","1","591","","","거래","일치"
"9791196475338","도깨비 닷냥이","도깨비 닷냥이 (A322)","품","13000","A322","A동 3번 라인, 앞에서 2번째, 2층","366","2","368","","","거래","일치"
"","반품 폐기전용","반품 폐기전용","피그말리온","0","","위치 정보가 없습니다.","0","0","0","0재고","","거래","일치"
"9791187384205","사랑스러운 손뜨개 인형","사랑스러운 손뜨개 인형 (B221)","도림북스","17000","B221","B동 2번 라인, 앞에서 2번째, 1층","1493","2","1495","","","거래","일치"
"9791188977642","완벽주의자를위한 행복수업","완벽주의자를위한 행복수업 (B512)","슬로디미디어","15000","B512","B동 5번 라인, 앞에서 1번째, 2층","10","0","10","위험","위험","거래","일치"
"9791189998332","고양이에게 물어봐","고양이에게 물어봐 (B541)","별글","17000","B541","B동 5번 라인, 앞에서 4번째, 1층","2119","0","2119","","","거래","일치"
"9791197135415","The One(더 원)","The One(더 원) (B313)","빈퍼블리시","15000","B313","B동 3번 라인, 앞에서 1번째, 3층","0","0","0","0재고","","거래","일치"
"9791191155020","하루를 건너며","하루를 건너며 (B144)","도서출판 서정문학","10000","B144","B동 1번 라인, 앞에서 4번째, 4층","34","1","35","위험","위험","거래","일치"
"9791188125364","소망이 승리할 때","소망이 승리할 때","국민북스","10000","","위치 정보가 없습니다.","81","0","81","","","거래","일치"
"","주식시장의 천재노트","주식시장의 천재노트","슬로디미디어","0","","위치 정보가 없습니다.","0","0","0","0재고","","거래","일치"
"9791188977604","깃털처럼 가볍게 살아라","깃털처럼 가볍게 살아라 (B411)","슬로디미디어","14800","B411","B동 4번 라인, 앞에서 1번째, 1층","19","0","19","위험","위험","거래","일치"
"9791191155013","쌍무지개 뜨는 길","쌍무지개 뜨는 길 (B134)","도서출판 서정문학","10000","B134","B동 1번 라인, 앞에서 3번째, 4층","37","8","45","위험","위험","거래","일치"
"9791188977611","주식시장의 천재 투자자들 (B623b3)","주식시장의 천재 투자자들 (B623b3)","슬로디미디어","16000","","위치 정보가 없습니다.","0","0","0","0재고","","거래","일치"
"9791197069413","작고 예쁜 그림의 비밀 100","작고 예쁜 그림의 비밀 100 (B313)","빈퍼블리시","15000","B313","B동 3번 라인, 앞에서 1번째, 3층","0","0","0","0재고","","거래","일치"
"9791197134128","인연은 사람을 선물받는거야 II","인연은 사람을 선물받는거야 II (B211)","느티나무가 있는 풍경","16000","B211","B동 2번 라인, 앞에서 1번째, 1층","9","0","9","위험","위험","거래","일치"
"9791197134111","꿈은 이루어서 자신에게 선물하는거야 I","꿈은 이루어서 자신에게 선물하는거야 I (B211)","느티나무가 있는 풍경","16000","B211","B동 2번 라인, 앞에서 1번째, 1층","258","0","258","","","거래","일치"
"9791189996321","CIMA 모의고사 화학 I","CIMA 모의고사 화학 I","YJ크리에이티브(파란북스)","12000","","위치 정보가 없습니다.","0","0","0","0재고","","거래","일치"
"9791189996307","CIMA 모의고사 지구과학 I","CIMA 모의고사 지구과학 I","YJ크리에이티브(파란북스)","12000","","위치 정보가 없습니다.","0","0","0","0재고","","거래","일치"
"9791189996314","CIMA 모의고사 생명과학 I","CIMA 모의고사 생명과학 I","YJ크리에이티브(파란북스)","12000","","위치 정보가 없습니다.","0","0","0","0재고","","거래","일치"
"9791189996291","CIMA 모의고사 물리학 I","CIMA 모의고사 물리학 I","YJ크리에이티브(파란북스)","12000","","위치 정보가 없습니다.","0","0","0","0재고","","거래","일치"
"9791197134104","CHAVRUTA (하브루타 )","CHAVRUTA (하브루타 ) (B211)","느티나무가 있는 풍경","15000","B211","B동 2번 라인, 앞에서 1번째, 1층","92","46","138","","","거래","일치"
"9791191155006","바다알","바다알 (B131)","도서출판 서정문학","10000","B131","B동 1번 라인, 앞에서 3번째, 1층","31","16","47","위험","위험","거래","일치"
"9791187642244","TEENUP 업무처리능력 문제해결영역","TEENUP 업무처리능력 문제해결영역 (A141)","우리교과서","15000","A141","A동 1번 라인, 앞에서 4번째, 1층","302","0","302","","","거래","일치"
"9791188977567","나는 오늘도 보건소로 출근한다","나는 오늘도 보건소로 출근한다 (B412)","슬로디미디어","14800","B412","B동 4번 라인, 앞에서 1번째, 2층","11","0","11","위험","위험","거래","일치"
"9791189704094","내 인생의 찬란한 자전거 여행","내 인생의 찬란한 자전거 여행","피그말리온","15000","","위치 정보가 없습니다.","0","0","0","0재고","","거래","일치"
"9791187642268","2019 개정 누리과정 해설서 워크북","2019 개정 누리과정 해설서 워크북 (A221)","우리교과서","20000","A221","A동 2번 라인, 앞에서 2번째, 1층","71","0","71","","","거래","일치"
"9791187420743","시좋아","시좋아","도서명문","11000","","위치 정보가 없습니다.","0","0","0","0재고","","거래","일치"
"","반품전용코드","반품전용코드","도서출판 익두스","0","","위치 정보가 없습니다.","0","0","0","0재고","","거래","일치"
"9791188977574","슬기로운 방구석 플랜 B","슬기로운 방구석 플랜 B (B411)","슬로디미디어","14800","B411","B동 4번 라인, 앞에서 1번째, 1층","170","0","170","","","거래","일치"
"9791188125357","하나님 감사합니다.","하나님 감사합니다.","국민북스","17000","","위치 정보가 없습니다.","0","0","0","0재고","","거래","일치"
"9791188125340","기도","기도","국민북스","16000","","위치 정보가 없습니다.","0","0","0","0재고","","거래","일치"
"9791186796306","중국어탈피 단어장 특허 제2버전","중국어탈피 단어장 특허 제2버전","(주)우공이산","18800","","위치 정보가 없습니다.","78","1","79","","","거래","일치"
"9791186796290","중국어탈피 단어장 특허 제1버전 (Ba21)","중국어탈피 단어장 특허 제1버전 (Ba21)","(주)우공이산","18800","","위치 정보가 없습니다.","64","1","65","","","거래","일치"
"9788993409345","폐업도 전략이다","폐업도 전략이다 (B243)","북네스트(book-nest)","15000","B243","B동 2번 라인, 앞에서 4번째, 3층","109","11","120","","","거래","일치"
"9791196417833","넷플릭스 시대의 글쓰기","넷플릭스 시대의 글쓰기 (B162)","도레미엔터테인먼트","25000","B162","B동 1번 라인, 앞에서 6번째, 2층","1","29","30","위험","위험","거래","일치"
"9791188977543","나는 프랑스어로 행복한 인생을 배웠다","나는 프랑스어로 행복한 인생을 배웠다 (B421)","슬로디미디어","15000","B421","B동 4번 라인, 앞에서 2번째, 1층","199","0","199","","","거래","일치"
"9791197135439","해피나우","해피나우 (B413)","빈퍼블리시","13500","B413","B동 4번 라인, 앞에서 1번째, 3층","0","0","0","0재고","","거래","일치"
"9791189998325","정말정말 신기한 용 백과사전","정말정말 신기한 용 백과사전 (B541)","별글","17000","B541","B동 5번 라인, 앞에서 4번째, 1층","474","0","474","","","거래","일치"
"9791188236206","우리는 물이야 (Aa63)","우리는 물이야 (Aa63)","아이들은자연이다","15000","","위치 정보가 없습니다.","676","6","682","","","거래","일치"
"9791188876327","예배성경(신약)","예배성경(신약) (B652)","(주)글로벌워십미니스트리","30000","B652","B동 6번 라인, 앞에서 5번째, 2층","76","0","76","","","거래","일치"
"9791188876358","예배 찬양 인도 (하)","예배 찬양 인도 (하) (B652)","(주)글로벌워십미니스트리","48000","B652","B동 6번 라인, 앞에서 5번째, 2층","1","0","1","위험","위험","거래","일치"
"9791188876303","예배성경 (구약)","예배성경 (구약) (B652)","(주)글로벌워십미니스트리","40000","B652","B동 6번 라인, 앞에서 5번째, 2층","78","0","78","","","거래","일치"
"9791188876365","예배 찬양 인도 (상)","예배 찬양 인도 (상) (B652)","(주)글로벌워십미니스트리","48000","B652","B동 6번 라인, 앞에서 5번째, 2층","0","0","0","0재고","","거래","일치"
"9791189704087","처음부터 유기견 개는 없습니다.","처음부터 유기견 개는 없습니다. (A211)","피그말리온","14500","A211","A동 2번 라인, 앞에서 1번째, 1층","0","5","5","위험","위험","거래","일치"
"9791188977345","스텐퍼드 새벽 5시 반 <리커버에디션>","스텐퍼드 새벽 5시 반 <리커버에디션> (B421)","슬로디미디어","14000","B421","B동 4번 라인, 앞에서 2번째, 1층","0","1","1","위험","위험","거래","일치"
"9788993409352","[개정판]대화리더가 되게하는 지식&이슈 330","[개정판]대화리더가 되게하는 지식&이슈 330 (B231)","북네스트(book-nest)","16000","B231","B동 2번 라인, 앞에서 3번째, 1층","139","7","146","","","거래","일치"
"9791188574162","행복을 부르는 고양이","행복을 부르는 고양이 (A251)","나는별","13000","A251","A동 2번 라인, 앞에서 5번째, 1층","766","0","766","","","거래","일치"
"9791188125333","가장 작은자를 위한 약속 (B113b2)","가장 작은자를 위한 약속 (B113b2)","국민북스","11000","","위치 정보가 없습니다.","610","8","618","","","거래","일치"
"9791187384199","종이꽃을 피우다","종이꽃을 피우다 (B222)","도림북스","27000","B222","B동 2번 라인, 앞에서 2번째, 2층","218","17","235","","","거래","일치"
"9791188977529","이것이 인공지능이다","이것이 인공지능이다 (B421)","슬로디미디어","14800","B421","B동 4번 라인, 앞에서 2번째, 1층","17","0","17","위험","위험","거래","일치"
"9791197069406","엄마, 꽃이 되다","엄마, 꽃이 되다 (B411)","빈퍼블리시","15000","B411","B동 4번 라인, 앞에서 1번째, 1층","0","0","0","0재고","","거래","일치"
"9791188236183","문장짓기 (Aa64)","문장짓기 (Aa64)","아이들은자연이다","12000","","위치 정보가 없습니다.","838","1","839","","","거래","일치"
"9788995941225","기도와 함께하는 은혜찬양베스트 300","기도와 함께하는 은혜찬양베스트 300","(주)글로벌워십미니스트리","11800","","위치 정보가 없습니다.","0","0","0","0재고","","거래","일치"
"9788992668484","4부 경배와 찬양 베스트 1","4부 경배와 찬양 베스트 1","(주)글로벌워십미니스트리","9800","","위치 정보가 없습니다.","0","0","0","0재고","","거래","일치"
"9791195570553","[개정판]시작하자! C++17 프로그래밍","[개정판]시작하자! C++17 프로그래밍 (B531)","(주)투에이치앤에스","30000","B531","B동 5번 라인, 앞에서 3번째, 1층","102","12","114","","","거래","일치"
"9791188574155","바늘 아이","바늘 아이 (A241)","나는별","15000","A241","A동 2번 라인, 앞에서 4번째, 1층","1173","0","1173","","","거래","일치"
"9791188125326","인생너머","인생너머 (B122)","국민북스","12000","B122","B동 1번 라인, 앞에서 2번째, 2층","61","1","62","","","거래","일치"
"9791196835026","우리가 알고도 모르는 동물들","우리가 알고도 모르는 동물들 (B644)","도서출판 자주보라","13800","B644","B동 6번 라인, 앞에서 4번째, 4층","601","0","601","","","거래","일치"
"","양손의 떡","양손의 떡 (B132)","도서출판 서정문학","10000","B132","B동 1번 라인, 앞에서 3번째, 2층","2","13","15","위험","위험","거래","일치"
"9791188977505","나는 어린이집에서 행복한 인생을 배웠다 (B421b3)","나는 어린이집에서 행복한 인생을 배웠다 (B421b3)","슬로디미디어","14800","","위치 정보가 없습니다.","280","0","280","","","거래","일치"
"9788994807997","봄살","봄살 (B133)","도서출판 서정문학","10000","B133","B동 1번 라인, 앞에서 3번째, 3층","23","9","32","위험","위험","거래","일치"
"9791187436324","당신의 꿈에 질문하라!","당신의 꿈에 질문하라! (A351)","나무북스","13000","A351","A동 3번 라인, 앞에서 5번째, 1층","671","1","672","","","거래","일치"
"9791188125319","성경, 나의사랑 나의생명","성경, 나의사랑 나의생명 (B111)","국민북스","15000","B111","B동 1번 라인, 앞에서 1번째, 1층","303","0","303","","","거래","일치"
"9791188977475","영업의 신","영업의 신 (B432)","슬로디미디어","14800","B432","B동 4번 라인, 앞에서 3번째, 2층","41","0","41","위험","위험","거래","일치"
"","반품 전용코드","반품 전용코드","도서출판크로바","0","","위치 정보가 없습니다.","0","0","0","0재고","","거래","일치"
"9791189704070","인공지능에 대체되지 않는 아이로 키우는 법","인공지능에 대체되지 않는 아이로 키우는 법 (A211)","피그말리온","14000","A211","A동 2번 라인, 앞에서 1번째, 1층","0","0","0","0재고","","거래","일치"
"9791188977468","나는 5년동안 최고의 도전을 시작했다","나는 5년동안 최고의 도전을 시작했다 (B422)","슬로디미디어","14500","B422","B동 4번 라인, 앞에서 2번째, 2층","271","0","271","","","거래","일치"
"9791161030616","[완전최신판] 단원별 회계원리 2급 필기(증정)","[완전최신판] 단원별 회계원리 2급 필기(증정) (B321)","파스칼미디어","0","B321","B동 3번 라인, 앞에서 2번째, 1층","0","0","0","0재고","","거래","일치"
"9791161030616","[완전최신판] 단원별 회계원리 2급 필기 (Ba12)","[완전최신판] 단원별 회계원리 2급 필기 (Ba12)","파스칼미디어","13000","","위치 정보가 없습니다.","23","0","23","위험","위험","거래","일치"
"9791188574148","뭉게뭉게 구름을 잡으면","뭉게뭉게 구름을 잡으면 (A231)","나는별","12500","A231","A동 2번 라인, 앞에서 3번째, 1층","30","0","30","위험","위험","거래","일치"
"9791195787111","[재정가] 이보다 멋진 선물은 없어","[재정가] 이보다 멋진 선물은 없어 (A111)","나는별","12000","A111","A동 1번 라인, 앞에서 1번째, 1층","215","1","216","","","거래","일치"
"9791188125302","이스라엘 아세요?","이스라엘 아세요? (B122)","국민북스","12000","B122","B동 1번 라인, 앞에서 2번째, 2층","463","0","463","","","거래","일치"
"9788991935761","한번에 합격하는 조리기능사(8절)","한번에 합격하는 조리기능사(8절)","도서출판크로바","15000","","위치 정보가 없습니다.","0","5","5","위험","위험","거래","일치"
"9788991935587","2종소형 원동기 운전면허 실출문제","2종소형 원동기 운전면허 실출문제","도서출판크로바","10000","","위치 정보가 없습니다.","14","3","17","위험","위험","거래","일치"
"9788991935167","한글 펜글씨 따라쓰기","한글 펜글씨 따라쓰기","도서출판크로바","5000","","위치 정보가 없습니다.","0","5","5","위험","위험","거래","일치"
"9791195779444","3D인체조형해부학 (Ab24)","3D인체조형해부학 (Ab24)","ㅅ (시옷) 출판사","42000","","위치 정보가 없습니다.","0","0","0","0재고","","거래","일치"
"9791197017902","BTS 7","BTS 7","디자인 존(도서출판 푸른산)","18000","","위치 정보가 없습니다.","0","0","0","0재고","","거래","일치"
"9791187384182","천으로 만드는 꽃","천으로 만드는 꽃 (B222)","도림북스","14000","B222","B동 2번 라인, 앞에서 2번째, 2층","20","3","23","위험","위험","거래","일치"
"9791188236169","읽는순서 (Aa62)","읽는순서 (Aa62)","아이들은자연이다","11000","","위치 정보가 없습니다.","1012","1","1013","","","거래","일치"
"9791189996239","One Plus One 지구과학 I (2권 세트)-초록","One Plus One 지구과학 I (2권 세트)-초록 (B411)","YJ크리에이티브(파란북스)","10000","B411","B동 4번 라인, 앞에서 1번째, 1층","2811","12","2823","","","거래","일치"
"9791189996222","One Plus One 화학 I (2권 세트)-보라","One Plus One 화학 I (2권 세트)-보라 (B411)","YJ크리에이티브(파란북스)","10000","B411","B동 4번 라인, 앞에서 1번째, 1층","2799","17","2816","","","거래","일치"
"9791189996215","One Plus One 물리학 I (2권 세트)-파랑","One Plus One 물리학 I (2권 세트)-파랑 (B411)","YJ크리에이티브(파란북스)","10000","B411","B동 4번 라인, 앞에서 1번째, 1층","2784","12","2796","","","거래","일치"
"9791189996246","One Plus One 생명과학 I (2권 세트)-주황","One Plus One 생명과학 I (2권 세트)-주황 (B411)","YJ크리에이티브(파란북스)","10000","B411","B동 4번 라인, 앞에서 1번째, 1층","2806","14","2820","","","거래","일치"
"9788994807973","다시 첫사랑인데","다시 첫사랑인데 (B133)","도서출판 서정문학","12000","B133","B동 1번 라인, 앞에서 3번째, 3층","27","8","35","위험","위험","거래","일치"
"9791161030609","[완전최신판] 단원별 원가회계2급 필기 (증정)","[완전최신판] 단원별 원가회계2급 필기 (증정) (B321)","파스칼미디어","0","B321","B동 3번 라인, 앞에서 2번째, 1층","19","0","19","위험","위험","거래","일치"
"9791161030609","[완전최신판] 단원별 원가회계2급 필기","[완전최신판] 단원별 원가회계2급 필기 (B322)","파스칼미디어","12000","B322","B동 3번 라인, 앞에서 2번째, 2층","35","0","35","위험","위험","거래","일치"
"","슬픈비밀","슬픈비밀 (B132)","도서출판 서정문학","10000","B132","B동 1번 라인, 앞에서 3번째, 2층","14","5","19","위험","위험","거래","일치"
"9791188125272","잠언은 복음이다","잠언은 복음이다 (B122)","국민북스","15000","B122","B동 1번 라인, 앞에서 2번째, 2층","206","1","207","","","거래","일치"
"9791188977444","친밀한 성범죄자","친밀한 성범죄자 (B422)","슬로디미디어","14800","B422","B동 4번 라인, 앞에서 2번째, 2층","33","0","33","위험","위험","거래","일치"
"","반품 전용코드","반품 전용코드","도림북스","0","","위치 정보가 없습니다.","0","0","0","0재고","","거래","일치"
"9791187384175","BREAD&CIRCUS 홈메이드 천연효모로 빵 만들기","BREAD&CIRCUS 홈메이드 천연효모로 빵 만들기 (B232)","도림북스","22000","B232","B동 2번 라인, 앞에서 3번째, 2층","175","0","175","","","거래","일치"
"9791188125296","진리본색","진리본색 (B122)","국민북스","16000","B122","B동 1번 라인, 앞에서 2번째, 2층","58","0","58","","","거래","일치"
"9791161030586","[2020]케이렙 1급(모의+기출) (증정)","[2020]케이렙 1급(모의+기출) (증정)","파스칼미디어","0","","위치 정보가 없습니다.","0","0","0","0재고","","거래","일치"
"9791161030586","[2020]케이렙 1급(모의+기출)","[2020]케이렙 1급(모의+기출) (B322)","파스칼미디어","18000","B322","B동 3번 라인, 앞에서 2번째, 2층","10","0","10","위험","위험","거래","일치"
"9791188242603","거북이 배운 경청 목자의 경청 (Aa32)","거북이 배운 경청 목자의 경청 (Aa32)","좋은나무성품학교","15000","","위치 정보가 없습니다.","27","-2","25","위험","위험","거래","일치"
"9791188242627","나무정원과 경청 경청의 좋은태도 (Aa32)","나무정원과 경청 경청의 좋은태도 (Aa32)","좋은나무성품학교","15000","","위치 정보가 없습니다.","44","0","44","위험","위험","거래","일치"
"9791188242610","세종대왕의 경청 큰 배와 경청 (Aa32)","세종대왕의 경청 큰 배와 경청 (Aa32)","좋은나무성품학교","15000","","위치 정보가 없습니다.","34","0","34","위험","위험","거래","일치"
"9791196971601","그림기초 100","그림기초 100 (B413)","빈퍼블리시","22000","B413","B동 4번 라인, 앞에서 1번째, 3층","0","0","0","0재고","","거래","일치"
"9791188574131","우리 가족은 정원사입니다.","우리 가족은 정원사입니다. (A231)","나는별","13000","A231","A동 2번 라인, 앞에서 3번째, 1층","170","0","170","","","거래","일치"
"9791189998165","22. 수레바퀴 아래서 (Bc22)","22. 수레바퀴 아래서 (Bc22)","별글","8800","","위치 정보가 없습니다.","617","0","617","","","거래","일치"
"9791189998158","21. 빨강머리 앤 (Bc22)","21. 빨강머리 앤 (Bc22)","별글","8800","","위치 정보가 없습니다.","544","0","544","","","거래","일치"
"9791189998172","23. 차라투스트라는 이렇게 말했다 (Bc21)","23. 차라투스트라는 이렇게 말했다 (Bc21)","별글","8800","","위치 정보가 없습니다.","486","1","487","","","거래","일치"
"9791187436317","(개정증보) 그냥, 닥치고 하라!","(개정증보) 그냥, 닥치고 하라! (A351)","나무북스","13000","A351","A동 3번 라인, 앞에서 5번째, 1층","128","9","137","","","거래","일치"
"9791188977420","나는 이탈리아에서 행복한 인생을 배웠다.","나는 이탈리아에서 행복한 인생을 배웠다. (B422)","슬로디미디어","14800","B422","B동 4번 라인, 앞에서 2번째, 2층","59","0","59","","","거래","일치"
"9788994807881","내뜨락 안에 작은 숨소리","내뜨락 안에 작은 숨소리 (B133)","도서출판 서정문학","10000","B133","B동 1번 라인, 앞에서 3번째, 3층","23","9","32","위험","위험","거래","일치"
"9791188125265","개더링(GATHERING ) (B122b3)","개더링(GATHERING ) (B122b3)","국민북스","16000","","위치 정보가 없습니다.","67","0","67","","","거래","일치"
"9788994807874","걷는다는 것","걷는다는 것 (B132)","도서출판 서정문학","10000","B132","B동 1번 라인, 앞에서 3번째, 2층","26","3","29","위험","위험","거래","일치"
"9791189998301","냥송이 사계절 컬러링북","냥송이 사계절 컬러링북 (B541)","별글","12000","B541","B동 5번 라인, 앞에서 4번째, 1층","1012","0","1012","","","거래","일치"
"9791196835019","할머니의 기억","할머니의 기억 (B644)","도서출판 자주보라","13000","B644","B동 6번 라인, 앞에서 4번째, 4층","176","2","178","","","거래","일치"
"9788994807737","촛대바위","촛대바위 (B132)","도서출판 서정문학","10000","B132","B동 1번 라인, 앞에서 3번째, 2층","0","15","15","위험","위험","거래","일치"
"9788994807720","괄호를 묻는 새벽","괄호를 묻는 새벽","도서출판 서정문학","9000","","위치 정보가 없습니다.","1","25","26","위험","위험","거래","일치"
"9788994807782","꽃마리의 연가","꽃마리의 연가 (B133)","도서출판 서정문학","10000","B133","B동 1번 라인, 앞에서 3번째, 3층","17","16","33","위험","위험","거래","일치"
"9788994807775","이팝나무의 추억","이팝나무의 추억 (B132)","도서출판 서정문학","10000","B132","B동 1번 라인, 앞에서 3번째, 2층","20","14","34","위험","위험","거래","일치"
"9788994807799","사랑, 숨은그림 찾기","사랑, 숨은그림 찾기 (B121)","도서출판 서정문학","10000","B121","B동 1번 라인, 앞에서 2번째, 1층","5","10","15","위험","위험","거래","일치"
"9788994807744","서정시선 9","서정시선 9 (B133)","도서출판 서정문학","10000","B133","B동 1번 라인, 앞에서 3번째, 3층","6","0","6","위험","위험","거래","일치"
"9791195554973","머리가 좋아지는 암산법","머리가 좋아지는 암산법 (B153)","오르트","13500","B153","B동 1번 라인, 앞에서 5번째, 3층","438","1","439","","","거래","일치"
"9788994807836","미워도 그립고 아파도 사랑하며","미워도 그립고 아파도 사랑하며 (B132)","도서출판 서정문학","10000","B132","B동 1번 라인, 앞에서 3번째, 2층","38","6","44","위험","위험","거래","일치"
"9788994807805","영혼의 향취","영혼의 향취 (B131)","도서출판 서정문학","12000","B131","B동 1번 라인, 앞에서 3번째, 1층","25","15","40","위험","위험","거래","일치"
"9788994807867","살다보면","살다보면 (B132)","도서출판 서정문학","10000","B132","B동 1번 라인, 앞에서 3번째, 2층","45","4","49","위험","위험","거래","일치"
"9788995941232","기도와 함께하는 은혜찬양베스트 300 (큰글씨)","기도와 함께하는 은혜찬양베스트 300 (큰글씨) (B532)","(주)글로벌워십미니스트리","18000","B532","B동 5번 라인, 앞에서 3번째, 2층","0","0","0","0재고","","거래","일치"
"9788993409321","나를 나로 리셋하라","나를 나로 리셋하라 (B231)","북네스트(book-nest)","15000","B231","B동 2번 라인, 앞에서 3번째, 1층","58","9","67","","","거래","일치"
"9791195779451","[2019개정판] ZBrush와 3D프린터(지브러시 2019)","[2019개정판] ZBrush와 3D프린터(지브러시 2019) (A212)","ㅅ (시옷) 출판사","35000","A212","A동 2번 라인, 앞에서 1번째, 2층","0","0","0","0재고","","거래","일치"
"9791188125258","[보급판] 어머니의 기도","[보급판] 어머니의 기도 (B113)","국민북스","7000","B113","B동 1번 라인, 앞에서 1번째, 3층","366","0","366","","","거래","일치"
"9791187384168","요리사, 요리로 말하다 (Ba11)","요리사, 요리로 말하다 (Ba11)","도림북스","16800","","위치 정보가 없습니다.","24","13","37","위험","위험","거래","일치"
"9791196701864","취업 잘하는 종족","취업 잘하는 종족 (A352)","씨이오메이커","15000","A352","A동 3번 라인, 앞에서 5번째, 2층","203","0","203","","","거래","일치"
"","한국 대표 산문선 2","한국 대표 산문선 2 (B131)","도서출판 서정문학","10000","B131","B동 1번 라인, 앞에서 3번째, 1층","34","8","42","위험","위험","거래","일치"
"9788994807843","한국 대표 서정 시선 10","한국 대표 서정 시선 10 (B132)","도서출판 서정문학","10000","B132","B동 1번 라인, 앞에서 3번째, 2층","26","5","31","위험","위험","거래","일치"
"","반품 코드","반품 코드","나는별","0","","위치 정보가 없습니다.","0","4","4","위험","위험","거래","일치"
"9791195380152","[개정판]느영나영 제주","[개정판]느영나영 제주 (A252)","나는별","16000","A252","A동 2번 라인, 앞에서 5번째, 2층","126","0","126","","","거래","일치"
"9788986755541","한자능력 검정시험 대비 한자쓰기 천자문","한자능력 검정시험 대비 한자쓰기 천자문 (B241)","도서출판 하늘마루","10000","B241","B동 2번 라인, 앞에서 4번째, 1층","30","7","37","위험","위험","거래","일치"
"9788997933228","초등1학년, 어떻게 시작할까","초등1학년, 어떻게 시작할까 (B212)","한봄","15000","B212","B동 2번 라인, 앞에서 1번째, 2층","334","0","334","","","거래","일치"
"9791188876143","예배, 패러다임 시프트","예배, 패러다임 시프트 (B642)","(주)글로벌워십미니스트리","15000","B642","B동 6번 라인, 앞에서 4번째, 2층","35","0","35","위험","위험","거래","일치"
"9791196417826","연기하지 않는 연기(HOW TO STOP ACTING)","연기하지 않는 연기(HOW TO STOP ACTING) (B163)","도레미엔터테인먼트","18000","B163","B동 1번 라인, 앞에서 6번째, 3층","2","56","58","","","거래","일치"
"9788992367943","성령님과 함께하는 브런치","성령님과 함께하는 브런치 (B642)","(주)글로벌워십미니스트리","15000","B642","B동 6번 라인, 앞에서 4번째, 2층","307","0","307","","","거래","일치"
"9791188574124","수학에 빠진 아이","수학에 빠진 아이 (A241)","나는별","13000","A241","A동 2번 라인, 앞에서 4번째, 1층","0","4","4","위험","위험","거래","일치"
"9791188977406","초등 뇌과학 공부법","초등 뇌과학 공부법 (B422)","슬로디미디어","14800","B422","B동 4번 라인, 앞에서 2번째, 2층","30","0","30","위험","위험","거래","일치"
"9788997933211","두꺼운 책읽기 프로젝트","두꺼운 책읽기 프로젝트 (B211)","한봄","15000","B211","B동 2번 라인, 앞에서 1번째, 1층","0","2","2","위험","위험","거래","일치"
"9788994807829","행복더하기 사랑나누기","행복더하기 사랑나누기 (B134)","도서출판 서정문학","10000","B134","B동 1번 라인, 앞에서 3번째, 4층","0","26","26","위험","위험","거래","일치"
"9791196475321","숲으로간 도깨비","숲으로간 도깨비 (A322)","품","13000","A322","A동 3번 라인, 앞에서 2번째, 2층","926","2","928","","","거래","일치"
"9791187384151","나의 첫번째 보자기포장","나의 첫번째 보자기포장 (B221)","도림북스","22000","B221","B동 2번 라인, 앞에서 2번째, 1층","528","11","539","","","거래","일치"
"9791195570546","기적을 부르는 안드로이드 통신 프로그램- 제3판","기적을 부르는 안드로이드 통신 프로그램- 제3판 (B531)","(주)투에이치앤에스","46000","B531","B동 5번 라인, 앞에서 3번째, 1층","272","9","281","","","거래","일치"
"9791195554980","지구를 빼앗지마!","지구를 빼앗지마! (B164)","오르트","14000","B164","B동 1번 라인, 앞에서 6번째, 4층","1499","0","1499","","","거래","일치"
"9791195363384","마케터, 마케팅을 말하다","마케터, 마케팅을 말하다","이노다임북스","17000","","위치 정보가 없습니다.","0","0","0","0재고","","거래","일치"
"9791196701857","PRANAYAMA -리듬을타는 호흡기술 RYTK400","PRANAYAMA -리듬을타는 호흡기술 RYTK400 (A352)","씨이오메이커","27000","A352","A동 3번 라인, 앞에서 5번째, 2층","10","0","10","위험","위험","거래","일치"
"9791196835002","내동생 티시킨","내동생 티시킨 (B644)","도서출판 자주보라","12000","B644","B동 6번 라인, 앞에서 4번째, 4층","680","5","685","","","거래","일치"
"9791188125241","어머니의 기도","어머니의 기도 (B113)","국민북스","8000","B113","B동 1번 라인, 앞에서 1번째, 3층","1","0","1","위험","위험","거래","일치"
"9791189704063","작고 소중한 나의 텃밭","작고 소중한 나의 텃밭 (A211)","피그말리온","14500","A211","A동 2번 라인, 앞에서 1번째, 1층","0","0","0","0재고","","거래","일치"
"9791188977383","1년만에 교포로 오해받은 조자룡의 중국어 정복기","1년만에 교포로 오해받은 조자룡의 중국어 정복기 (B422)","슬로디미디어","14800","B422","B동 4번 라인, 앞에서 2번째, 2층","62","0","62","","","거래","일치"
"9791196701840","스타트업 맵(Startup Map)","스타트업 맵(Startup Map) (A352)","씨이오메이커","16000","A352","A동 3번 라인, 앞에서 5번째, 2층","553","0","553","","","거래","일치"
"9788998916039","의사가 필요없어지는 자연건강법 2020","의사가 필요없어지는 자연건강법 2020 (B163)","자연요법사랑지기","15000","B163","B동 1번 라인, 앞에서 6번째, 3층","189","0","189","","","거래","일치"
"9791188125234","하나님의 아들","하나님의 아들 (B121)","국민북스","18000","B121","B동 1번 라인, 앞에서 2번째, 1층","92","1","93","","","거래","일치"
"9791196537616","큰꿈 키우는 작은대학들","큰꿈 키우는 작은대학들 (A112)","(주)미래교육연구소","18000","A112","A동 1번 라인, 앞에서 1번째, 2층","0","42","42","위험","위험","거래","일치"
"9791188125227","독일 통일 자유와 화합의 기적","독일 통일 자유와 화합의 기적","국민북스","20000","","위치 정보가 없습니다.","169","0","169","","","거래","일치"
"","반품 폐기 전용","반품 폐기 전용","YJ크리에이티브(파란북스)","0","","위치 정보가 없습니다.","0","0","0","0재고","","거래","일치"
"9791196475314","도깨비도 문화재야?","도깨비도 문화재야? (A322)","품","13000","A322","A동 3번 라인, 앞에서 2번째, 2층","425","7","432","","","거래","일치"
"9791189704056","엄마도 모르는 내 자존감 이야기","엄마도 모르는 내 자존감 이야기 (A213)","피그말리온","12000","A213","A동 2번 라인, 앞에서 1번째, 3층","0","0","0","0재고","","거래","일치"
"9791188125210","바실레아 슐링크처럼","바실레아 슐링크처럼 (B122)","국민북스","12000","B122","B동 1번 라인, 앞에서 2번째, 2층","272","3","275","","","거래","일치"
"9791188876167","하늘의 예배를 회복하라","하늘의 예배를 회복하라 (B643)","(주)글로벌워십미니스트리","15000","B643","B동 6번 라인, 앞에서 4번째, 3층","0","2","2","위험","위험","거래","일치"
"9791188977369","6개월만에 교포로 오해받은 평범한 공대생의 프랑스어 정복기","6개월만에 교포로 오해받은 평범한 공대생의 프랑스어 정복기 (B422)","슬로디미디어","14800","B422","B동 4번 라인, 앞에서 2번째, 2층","24","0","24","위험","위험","거래","일치"
"9791187642244","TEENUP 업무처리능력 문제해결영역","TEENUP 업무처리능력 문제해결영역","우리교과서","15000","","위치 정보가 없습니다.","302","0","302","","","거래","일치"
"9791189998127","페미니즘은 전쟁이 아니다.","페미니즘은 전쟁이 아니다. (B542)","별글","17000","B542","B동 5번 라인, 앞에서 4번째, 2층","662","0","662","","","거래","일치"
"9791188574100","일곱마리 아기염소, 요 녀석들!","일곱마리 아기염소, 요 녀석들! (A241)","나는별","13000","A241","A동 2번 라인, 앞에서 4번째, 1층","502","0","502","","","거래","일치"
"9791188574117","숲으로읽는 그림책테라피","숲으로읽는 그림책테라피 (A251)","나는별","16000","A251","A동 2번 라인, 앞에서 5번째, 1층","81","0","81","","","거래","일치"
"9791186945155","휴먼웨어 101","휴먼웨어 101 (B513)","(주) 엘코케이- 라온북스","17000","B513","B동 5번 라인, 앞에서 1번째, 3층","0","1","1","위험","위험","거래","일치"
"9791188125180","성장하는 교회들의 8가지 정석","성장하는 교회들의 8가지 정석 (B121)","국민북스","12500","B121","B동 1번 라인, 앞에서 2번째, 1층","64","0","64","","","거래","일치"
"9791188125173","기도수업","기도수업 (B123)","국민북스","14000","B123","B동 1번 라인, 앞에서 2번째, 3층","394","1","395","","","거래","일치"
"9791163261070","성품양육법 (Aa33)","성품양육법 (Aa33)","좋은나무성품학교","15000","","위치 정보가 없습니다.","0","0","0","0재고","","거래","일치"
"9791188125166","우리 아이들에게도 인권이 있다고요!","우리 아이들에게도 인권이 있다고요! (B122)","국민북스","12000","B122","B동 1번 라인, 앞에서 2번째, 2층","200","6","206","","","거래","일치"
"9791188977345","스탠퍼드 새벽5시 반","스탠퍼드 새벽5시 반","슬로디미디어","14000","","위치 정보가 없습니다.","0","0","0","0재고","","거래","일치"
"","반품","반품","케이에스에스출판","0","","위치 정보가 없습니다.","0","0","0","0재고","","거래","일치"
"9788977152014","한권으로보는 한국현대문학사","한권으로보는 한국현대문학사 (B241)","도서출판 하늘마루","20000","B241","B동 2번 라인, 앞에서 4번째, 1층","6","2","8","위험","위험","거래","일치"
"9788977152090","한권으로보는 한국고전문학사","한권으로보는 한국고전문학사 (B241)","도서출판 하늘마루","20000","B241","B동 2번 라인, 앞에서 4번째, 1층","41","1","42","위험","위험","거래","일치"
"9791188977321","슈퍼네트워커","슈퍼네트워커 (B422)","슬로디미디어","14800","B422","B동 4번 라인, 앞에서 2번째, 2층","0","0","0","0재고","","거래","일치"
"9791195274833","용감한 똥돼지","용감한 똥돼지 (B644)","도서출판 자주보라","12000","B644","B동 6번 라인, 앞에서 4번째, 4층","734","11","745","","","거래","일치"
"","반품전용","반품전용","(주)글로벌워십미니스트리","0","","위치 정보가 없습니다.","0","2","2","위험","위험","거래","일치"
"9788993409307","지금 중국은 스마트 인 차이나","지금 중국은 스마트 인 차이나 (B243)","북네스트(book-nest)","17000","B243","B동 2번 라인, 앞에서 4번째, 3층","436","5","441","","","거래","일치"
"9791196117467","아난타 (Ab23)","아난타 (Ab23)","글상자","10000","","위치 정보가 없습니다.","21","0","21","위험","위험","거래","일치"
"9788992064118","[개정]아기수달의 기쁨 (Aa41)","[개정]아기수달의 기쁨 (Aa41)","좋은나무성품학교","10000","","위치 정보가 없습니다.","159","0","159","","","거래","일치"
"9791195607563","별걸 다 기억하는 (Aa53)","별걸 다 기억하는 (Aa53)","보통의 나날","15000","","위치 정보가 없습니다.","0","0","0","0재고","","거래","일치"
"9791196701826","새로운 시대, 새로운 DNA 창업","새로운 시대, 새로운 DNA 창업 (A352)","씨이오메이커","15000","A352","A동 3번 라인, 앞에서 5번째, 2층","88","0","88","","","거래","일치"
"9791189996086","맥시멈 통합과학 1035제","맥시멈 통합과학 1035제 (B412)","YJ크리에이티브(파란북스)","22000","B412","B동 4번 라인, 앞에서 1번째, 2층","0","14","14","위험","위험","거래","일치"
"9791196117450","마농꽃이 걸어서 우체국에 간다 (Ab23)","마농꽃이 걸어서 우체국에 간다 (Ab23)","글상자","10000","","위치 정보가 없습니다.","30","0","30","위험","위험","거래","일치"
"9791163200239","[개정]부웅부웅 꿀벌가족 (Aa41)","[개정]부웅부웅 꿀벌가족 (Aa41)","좋은나무성품학교","10000","","위치 정보가 없습니다.","42","0","42","위험","위험","거래","일치"
"9791163200260","[개정]연어의꿈 (Aa41)","[개정]연어의꿈 (Aa41)","좋은나무성품학교","10000","","위치 정보가 없습니다.","45","0","45","위험","위험","거래","일치"
"","스도쿠 2종세트 (Ab24)","스도쿠 2종세트 (Ab24)","글상자","18000","","위치 정보가 없습니다.","20","0","20","위험","위험","거래","일치"
"9791195130399","21세기 비틀즈 BTS","21세기 비틀즈 BTS","디자인 존(도서출판 푸른산)","15000","","위치 정보가 없습니다.","0","0","0","0재고","","거래","일치"
"9791188574094","비오니까 참 좋다","비오니까 참 좋다 (A231)","나는별","13000","A231","A동 2번 라인, 앞에서 3번째, 1층","120","1","121","","","거래","일치"
"9791189998080","20. 1984/조지오웰 (Bc33)","20. 1984/조지오웰 (Bc33)","별글","8800","","위치 정보가 없습니다.","365","0","365","","","거래","일치"
"9791189998073","19. 좁은문(Bc32)","19. 좁은문(Bc32)","별글","7700","","위치 정보가 없습니다.","438","0","438","","","거래","일치"
"9791189998066","18. 변신 。소송 -프란츠 카프카","18. 변신 。소송  -프란츠 카프카","별글","8800","","위치 정보가 없습니다.","349","0","349","","","거래","일치"
"9791188876136","은혜가 이끄는 변화","은혜가 이끄는 변화 (B523)","(주)글로벌워십미니스트리","15000","B523","B동 5번 라인, 앞에서 2번째, 3층","0","0","0","0재고","","거래","일치"
"9791189704032","알함브라 궁전의 추억 컬러링","알함브라 궁전의 추억 컬러링 (A212)","피그말리온","11500","A212","A동 2번 라인, 앞에서 1번째, 2층","0","0","0","0재고","","거래","일치"
"9791188977307","부자 아이로 키우는 엄마들의 비밀 수업","부자 아이로 키우는 엄마들의 비밀 수업 (B441)","슬로디미디어","15000","B441","B동 4번 라인, 앞에서 4번째, 1층","266","0","266","","","거래","일치"
"9791188075188","식물 컬러링북 (Ab23)","식물 컬러링북 (Ab23)","글상자","7500","","위치 정보가 없습니다.","6","2","8","위험","위험","거래","일치"
"9791189996079","우쥬 N프로젝트 화학 I","우쥬 N프로젝트 화학 I (B412)","YJ크리에이티브(파란북스)","14000","B412","B동 4번 라인, 앞에서 1번째, 2층","4275","7","4282","","","거래","일치"
"9791195570539","[개정판] 안드로이드 C/C++ 프로그래밍","[개정판] 안드로이드 C/C++ 프로그래밍 (B532)","(주)투에이치앤에스","32000","B532","B동 5번 라인, 앞에서 3번째, 2층","318","10","328","","","거래","일치"
"9788992367912","성경에서 심리학을 읽다","성경에서 심리학을 읽다 (B642)","(주)글로벌워십미니스트리","15000","B642","B동 6번 라인, 앞에서 4번째, 2층","61","0","61","","","거래","일치"
"9791195130382","Hello Vietnam(헬로 베트남)","Hello Vietnam(헬로 베트남) (B142)","디자인 존(도서출판 푸른산)","13000","B142","B동 1번 라인, 앞에서 4번째, 2층","92","0","92","","","거래","일치"
"9788996562122","W경배와 찬양 블루 11.0 -큰글씨","W경배와 찬양 블루 11.0 -큰글씨 (B521)","(주)글로벌워십미니스트리","45000","B521","B동 5번 라인, 앞에서 2번째, 1층","2","0","2","위험","위험","거래","일치"
"9791196701802","스마트요가 (Smart Yoga)","스마트요가 (Smart Yoga) (A352)","씨이오메이커","27000","A352","A동 3번 라인, 앞에서 5번째, 2층","15","1","16","위험","위험","거래","일치"
"9791196701871","불안과 불만사이","불안과 불만사이 (A352)","씨이오메이커","15000","A352","A동 3번 라인, 앞에서 5번째, 2층","0","0","0","0재고","","거래","일치"
"9791187420545","알고 믿어라","알고 믿어라","도서명문","20000","","위치 정보가 없습니다.","0","1","1","위험","위험","거래","일치"
"9791189998042","나는 더이상 호구로 살지않기로 했다.","나는 더이상 호구로 살지않기로 했다. (B542)","별글","15000","B542","B동 5번 라인, 앞에서 4번째, 2층","261","0","261","","","거래","일치"
"8809626040054","색칠해보라냥 세트 +색연필","색칠해보라냥 세트 +색연필","별글","36000","","위치 정보가 없습니다.","0","0","0","0재고","","거래","일치"
"9791188075171","동물 컬러링북 (Ab23)","동물 컬러링북 (Ab23)","글상자","7500","","위치 정보가 없습니다.","3","0","3","위험","위험","거래","일치"
"9791188977260","초크아트, 분필로 꿈을 그리는 여자","초크아트, 분필로 꿈을 그리는 여자 (B422)","슬로디미디어","13800","B422","B동 4번 라인, 앞에서 2번째, 2층","15","0","15","위험","위험","거래","일치"
"9788997327201","(개정판)뚱보탈출대작전 (Aa62)","(개정판)뚱보탈출대작전 (Aa62)","계백북스","11000","","위치 정보가 없습니다.","512","2","514","","","거래","일치"
"9791189256005","기문둔갑의 모든것 -단시론 (B151c3)","기문둔갑의 모든것 -단시론 (B151c3)","태학당","37000","","위치 정보가 없습니다.","402","4","406","","","거래","일치"
"9788996562146","W경배와 찬양 블루 6.0 大","W경배와 찬양 블루 6.0 大 (B522)","(주)글로벌워십미니스트리","28000","B522","B동 5번 라인, 앞에서 2번째, 2층","0","0","0","0재고","","거래","일치"
"9788997327195","(개정판) 알따와 빠끄미는 싫어 (Aa62)","(개정판) 알따와 빠끄미는 싫어 (Aa62)","계백북스","11000","","위치 정보가 없습니다.","579","13","592","","","거래","일치"
"9791188977277","아프리카에서 화장품 파는 여자","아프리카에서 화장품 파는 여자 (B422)","슬로디미디어","14800","B422","B동 4번 라인, 앞에서 2번째, 2층","32","0","32","위험","위험","거래","일치"
"9788996562115","W경배와 찬양 블루 11.0","W경배와 찬양 블루 11.0","(주)글로벌워십미니스트리","33000","","위치 정보가 없습니다.","150","0","150","","","거래","일치"
"9788992668620","4부 경배와 찬양 베스트 4","4부 경배와 찬양 베스트 4 (B643)","(주)글로벌워십미니스트리","9800","B643","B동 6번 라인, 앞에서 4번째, 3층","0","0","0","0재고","","거래","일치"
"9788992668477","영어 경배와 찬양 베스트 400(큰글씨)","영어 경배와 찬양 베스트 400(큰글씨)","(주)글로벌워십미니스트리","25000","","위치 정보가 없습니다.","0","0","0","0재고","","거래","일치"
"9788992668460","영어 경배와 찬양 베스트 400","영어 경배와 찬양 베스트 400","(주)글로벌워십미니스트리","20000","","위치 정보가 없습니다.","0","0","0","0재고","","거래","일치"
"9788992668385","영어 경배와 찬양 베스트 200(큰글씨)","영어 경배와 찬양 베스트 200(큰글씨)","(주)글로벌워십미니스트리","20000","","위치 정보가 없습니다.","0","0","0","0재고","","거래","일치"
"9788992668378","영어 경배와 찬양 베스트 200","영어 경배와 찬양 베스트 200 (B532)","(주)글로벌워십미니스트리","15000","B532","B동 5번 라인, 앞에서 3번째, 2층","0","0","0","0재고","","거래","일치"
"9788992668552","영혼의 찬양 베스트 1000(큰글씨)플러스","영혼의 찬양 베스트 1000(큰글씨)플러스 (B521)","(주)글로벌워십미니스트리","42000","B521","B동 5번 라인, 앞에서 2번째, 1층","0","0","0","0재고","","거래","일치"
"9788992668156","영혼의 찬양 베스트 500(개정판)큰글씨","영혼의 찬양 베스트 500(개정판)큰글씨 (B521)","(주)글로벌워십미니스트리","28000","B521","B동 5번 라인, 앞에서 2번째, 1층","0","0","0","0재고","","거래","일치"
"9788992668330","기름부음의 찬양 400(개정판)큰글씨","기름부음의 찬양 400(개정판)큰글씨 (B532)","(주)글로벌워십미니스트리","23000","B532","B동 5번 라인, 앞에서 3번째, 2층","0","0","0","0재고","","거래","일치"
"9791195188901","예배자를 위한 작곡 편곡","예배자를 위한 작곡 편곡 (B653)","(주)글로벌워십미니스트리","12000","B653","B동 6번 라인, 앞에서 5번째, 3층","0","0","0","0재고","","거래","일치"
"9791187384137","빵, 요리를 만나다. (Ba11)","빵, 요리를 만나다. (Ba11)","도림북스","28000","","위치 정보가 없습니다.","0","1","1","위험","위험","거래","일치"
"9791189996031","우쥬 N프로젝트 생명과학 I","우쥬 N프로젝트 생명과학 I (B412)","YJ크리에이티브(파란북스)","14000","B412","B동 4번 라인, 앞에서 1번째, 2층","4341","17","4358","","","거래","일치"
"9791189996024","우쥬 N프로젝트 지구과학 I","우쥬 N프로젝트 지구과학 I (B412)","YJ크리에이티브(파란북스)","14000","B412","B동 4번 라인, 앞에서 1번째, 2층","4277","15","4292","","","거래","일치"
"9788995633960","기름부음 찬양 모든 예배를 위한 은혜찬양 베스트400","기름부음 찬양 모든 예배를 위한 은혜찬양 베스트400","(주)글로벌워십미니스트리","8800","","위치 정보가 없습니다.","70","0","70","","","거래","일치"
"9788992668323","기름부음의 찬양 400플러스","기름부음의 찬양 400플러스 (B522)","(주)글로벌워십미니스트리","14800","B522","B동 5번 라인, 앞에서 2번째, 2층","0","0","0","0재고","","거래","일치"
"9788992668316","수요예배 철야기도회를 위한 은혜찬양 베스트 200플러스","수요예배 철야기도회를 위한  은혜찬양 베스트 200플러스 (B653)","(주)글로벌워십미니스트리","6800","B653","B동 6번 라인, 앞에서 5번째, 3층","0","0","0","0재고","","거래","일치"
"9788995941218","기도와 함께하는 은혜찬양 베스트 120","기도와 함께하는 은혜찬양 베스트 120","(주)글로벌워십미니스트리","5800","","위치 정보가 없습니다.","0","0","0","0재고","","거래","일치"
"9788992668163","주일학교 어린이예배 경배와찬양 베스트 200","주일학교 어린이예배 경배와찬양 베스트 200 (B653)","(주)글로벌워십미니스트리","6800","B653","B동 6번 라인, 앞에서 5번째, 3층","0","-10","-10","","","거래","일치"
"9791195870301","처치 시프트","처치 시프트","(주)글로벌워십미니스트리","18000","","위치 정보가 없습니다.","0","0","0","0재고","","거래","일치"
"9788995941256","하나님의 임재연습","하나님의 임재연습","(주)글로벌워십미니스트리","7500","","위치 정보가 없습니다.","0","0","0","0재고","","거래","일치"
"9788996562153","W경배와 찬양 블루 4.5","W경배와 찬양 블루 4.5","(주)글로벌워십미니스트리","16000","","위치 정보가 없습니다.","63","0","63","","","거래","일치"
"9788996562139","W경배와 찬양 블루 6.0","W경배와 찬양 블루 6.0 (B522)","(주)글로벌워십미니스트리","20000","B522","B동 5번 라인, 앞에서 2번째, 2층","53","0","53","","","거래","일치"
"9788992668569","기름부음 찬양 플러스 700-(대)","기름부음 찬양 플러스 700-(대) (B521)","(주)글로벌워십미니스트리","36000","B521","B동 5번 라인, 앞에서 2번째, 1층","0","0","0","0재고","","거래","일치"
"9791188876020","부끄러움 없는 경배","부끄러움 없는 경배 (B663)","(주)글로벌워십미니스트리","15000","B663","B동 6번 라인, 앞에서 6번째, 3층","248","0","248","","","거래","일치"
"9788992367417","수요예배 철야기도회를 위한 은혜찬양 베스트 200","수요예배 철야기도회를 위한  은혜찬양 베스트 200 (B653)","(주)글로벌워십미니스트리","5800","B653","B동 6번 라인, 앞에서 5번째, 3층","93","0","93","","","거래","일치"
"9791188876013","21세기 복음전도 예배","21세기 복음전도 예배 (B523)","(주)글로벌워십미니스트리","15000","B523","B동 5번 라인, 앞에서 2번째, 3층","139","0","139","","","거래","일치"
"9788992367325","오! 나는 정말 행복한 아이예요","오! 나는 정말 행복한 아이예요 (B523)","(주)글로벌워십미니스트리","9500","B523","B동 5번 라인, 앞에서 2번째, 3층","173","0","173","","","거래","일치"
"9788992367424","기름부음 찬양 모든 예배를 위한 은혜찬양 플러스 400","기름부음 찬양 모든 예배를 위한 은혜찬양 플러스 400","(주)글로벌워십미니스트리","7800","","위치 정보가 없습니다.","223","0","223","","","거래","일치"
"9788992367424","기름부음의 찬양 은혜찬양 베스트 400","기름부음의 찬양 은혜찬양 베스트 400 (B643)","(주)글로벌워십미니스트리","7800","B643","B동 6번 라인, 앞에서 4번째, 3층","0","0","0","0재고","","거래","일치"
"9788995633939","수요예배 철야기도회를 위한 은혜찬양 베스트 200-스프링","수요예배 철야기도회를 위한  은혜찬양 베스트 200-스프링 (B652)","(주)글로벌워십미니스트리","6800","B652","B동 6번 라인, 앞에서 5번째, 2층","82","0","82","","","거래","일치"
"9791188236145","책짓기 (Aa64)","책짓기 (Aa64)","아이들은자연이다","12800","","위치 정보가 없습니다.","800","1","801","","","거래","일치"
"9788992367905","성경과외","성경과외 (B663)","(주)글로벌워십미니스트리","10000","B663","B동 6번 라인, 앞에서 6번째, 3층","201","0","201","","","거래","일치"
"9788992367936","건강한 교회를향한 갈망","건강한 교회를향한 갈망 (B523)","(주)글로벌워십미니스트리","15000","B523","B동 5번 라인, 앞에서 2번째, 3층","418","0","418","","","거래","일치"
"9791188876129","예배의 고대와미래","예배의 고대와미래 (B523)","(주)글로벌워십미니스트리","30000","B523","B동 5번 라인, 앞에서 2번째, 3층","0","0","0","0재고","","거래","일치"
"9788995633946","두부전도왕","두부전도왕 (B663)","(주)글로벌워십미니스트리","10000","B663","B동 6번 라인, 앞에서 6번째, 3층","0","0","0","0재고","","거래","일치"
"9781195188919","기독교 예배와 세계관","기독교 예배와 세계관 (B642)","(주)글로벌워십미니스트리","14000","B642","B동 6번 라인, 앞에서 4번째, 2층","0","0","0","0재고","","거래","일치"
"9791195188994","최고의 예배자가되라","최고의 예배자가되라 (B663)","(주)글로벌워십미니스트리","23000","B663","B동 6번 라인, 앞에서 6번째, 3층","162","0","162","","","거래","일치"
"9788992735339","생각이 커지는 진영이의 그림일기","생각이 커지는 진영이의 그림일기 (B653)","(주)글로벌워십미니스트리","14000","B653","B동 6번 라인, 앞에서 5번째, 3층","0","0","0","0재고","","거래","일치"
"9791195188970","예배의 미래를 준비하라","예배의 미래를 준비하라 (B662)","(주)글로벌워십미니스트리","12000","B662","B동 6번 라인, 앞에서 6번째, 2층","0","0","0","0재고","","거래","일치"
"9788992367929","괜찮아, 하나님이 계시니까","괜찮아, 하나님이 계시니까 (B663)","(주)글로벌워십미니스트리","15000","B663","B동 6번 라인, 앞에서 6번째, 3층","289","0","289","","","거래","일치"
"9788992367806","낙도전도왕","낙도전도왕 (B663)","(주)글로벌워십미니스트리","10000","B663","B동 6번 라인, 앞에서 6번째, 3층","173","0","173","","","거래","일치"
"9791195188925","예배란 무엇인가?","예배란 무엇인가? (B662)","(주)글로벌워십미니스트리","15000","B662","B동 6번 라인, 앞에서 6번째, 2층","0","0","0","0재고","","거래","일치"
"9791195870318","예배에대한 중요한 핵심 12가지 질문","예배에대한 중요한 핵심 12가지 질문 (B533)","(주)글로벌워십미니스트리","14000","B533","B동 5번 라인, 앞에서 3번째, 3층","110","0","110","","","거래","일치"
"9791195188956","이것도 몰라?!","이것도 몰라?!","(주)글로벌워십미니스트리","12000","","위치 정보가 없습니다.","0","0","0","0재고","","거래","일치"
"9788992367608","당신은 괜찮습니까","당신은 괜찮습니까 (B653)","(주)글로벌워십미니스트리","14000","B653","B동 6번 라인, 앞에서 5번째, 3층","72","0","72","","","거래","일치"
"9788992367585","네러티브 설교의 힘","네러티브 설교의 힘 (B653)","(주)글로벌워십미니스트리","12000","B653","B동 6번 라인, 앞에서 5번째, 3층","34","0","34","위험","위험","거래","일치"
"9788992367783","영혼의찬양 전도자 패니크로스비 (Bc22)","영혼의찬양 전도자 패니크로스비 (Bc22)","(주)글로벌워십미니스트리","18000","","위치 정보가 없습니다.","817","0","817","","","거래","일치"
"9788992367585","풀러","풀러 (B643)","(주)글로벌워십미니스트리","14000","B643","B동 6번 라인, 앞에서 4번째, 3층","18","0","18","위험","위험","거래","일치"
"9788995633953","기름부음의 예배자","기름부음의 예배자 (B653)","(주)글로벌워십미니스트리","8800","B653","B동 6번 라인, 앞에서 5번째, 3층","592","0","592","","","거래","일치"
"9788992367592","하나님 마음에 합한사람","하나님 마음에 합한사람 (B653)","(주)글로벌워십미니스트리","11000","B653","B동 6번 라인, 앞에서 5번째, 3층","357","0","357","","","거래","일치"
"9788995941249","최고의 예배를 디자인하라","최고의 예배를 디자인하라 (B662)","(주)글로벌워십미니스트리","15800","B662","B동 6번 라인, 앞에서 6번째, 2층","0","0","0","0재고","","거래","일치"
"9788992367578","루터의 기도","루터의 기도 (B653)","(주)글로벌워십미니스트리","8500","B653","B동 6번 라인, 앞에서 5번째, 3층","58","0","58","","","거래","일치"
"9788992367653","365 매일성경 소단본 지퍼 청색 (Bc21)","365 매일성경 소단본 지퍼 청색 (Bc21)","(주)글로벌워십미니스트리","29000","","위치 정보가 없습니다.","132","0","132","","","거래","일치"
"9788992367646","365 매일성경 중단본 무지퍼 적색 (Bc21)","365 매일성경 중단본 무지퍼 적색 (Bc21)","(주)글로벌워십미니스트리","29000","","위치 정보가 없습니다.","0","0","0","0재고","","거래","일치"
"9788992367639","365 매일성경 중단본 무지퍼 청색 (Bc21)","365 매일성경 중단본 무지퍼 청색 (Bc21)","(주)글로벌워십미니스트리","29000","","위치 정보가 없습니다.","0","0","0","0재고","","거래","일치"
"9788992367660","365 매일성경 소단본 지퍼 적색 (Bc21)","365 매일성경 소단본 지퍼 적색 (Bc21)","(주)글로벌워십미니스트리","29000","","위치 정보가 없습니다.","132","0","132","","","거래","일치"
"9788992367622","365 매일성경 중단본 지퍼 적색 (Bc21)","365 매일성경 중단본 지퍼 적색 (Bc21)","(주)글로벌워십미니스트리","35000","","위치 정보가 없습니다.","28","0","28","위험","위험","거래","일치"
"9788992367677","365 매일성경 소단본 무지퍼 청색 (Bc21)","365 매일성경 소단본 무지퍼 청색 (Bc21)","(주)글로벌워십미니스트리","25000","","위치 정보가 없습니다.","3","0","3","위험","위험","거래","일치"
"9788992367615","365 매일성경 중단본 지퍼 청색 (Bc21)","365 매일성경 중단본 지퍼 청색 (Bc21)","(주)글로벌워십미니스트리","35000","","위치 정보가 없습니다.","1","0","1","위험","위험","거래","일치"
"9788992367684","365 매일성경 소단본 무지퍼 적색 (Bc21)","365 매일성경 소단본 무지퍼 적색 (Bc21)","(주)글로벌워십미니스트리","25000","","위치 정보가 없습니다.","102","0","102","","","거래","일치"
"9788992367691","365 매일성경 소단본 무지퍼 녹색 (Bc21)","365 매일성경 소단본 무지퍼 녹색 (Bc21)","(주)글로벌워십미니스트리","25000","","위치 정보가 없습니다.","415","0","415","","","거래","일치"
"9788992668545","4부 영어 경배와 찬양 베스트 2","4부 영어 경배와 찬양 베스트 2 (B522)","(주)글로벌워십미니스트리","9800","B522","B동 5번 라인, 앞에서 2번째, 2층","310","0","310","","","거래","일치"
"9788992668538","4부 영어 경배와 찬양 베스트 1","4부 영어 경배와 찬양 베스트 1 (B522)","(주)글로벌워십미니스트리","9800","B522","B동 5번 라인, 앞에서 2번째, 2층","0","0","0","0재고","","거래","일치"
"9788992668637","4부 경배와 찬양 베스트 5","4부 경배와 찬양 베스트 5 (B643)","(주)글로벌워십미니스트리","9800","B643","B동 6번 라인, 앞에서 4번째, 3층","0","0","0","0재고","","거래","일치"
"9788992668507","4부 경배와 찬양 베스트 3","4부 경배와 찬양 베스트 3 (B643)","(주)글로벌워십미니스트리","9800","B643","B동 6번 라인, 앞에서 4번째, 3층","52","0","52","","","거래","일치"
"9788992668491","4부 경배와 찬양 베스트 2","4부 경배와 찬양 베스트 2","(주)글로벌워십미니스트리","9800","","위치 정보가 없습니다.","0","0","0","0재고","","거래","일치"
"9788992668521","기름부음 찬양 플러스 700-(소)","기름부음 찬양 플러스 700-(소) (B521)","(주)글로벌워십미니스트리","26000","B521","B동 5번 라인, 앞에서 2번째, 1층","2","0","2","위험","위험","거래","일치"
"9788992668514","영혼의 찬양 베스트 1000","영혼의 찬양 베스트 1000 (B521)","(주)글로벌워십미니스트리","30000","B521","B동 5번 라인, 앞에서 2번째, 1층","0","0","0","0재고","","거래","일치"
"9788992668149","영혼의 찬양 베스트 500","영혼의 찬양 베스트 500","(주)글로벌워십미니스트리","15800","","위치 정보가 없습니다.","0","0","0","0재고","","거래","일치"
"9788992668439","(대)주일학교 어린이 경배와 찬양 베스트 400","(대)주일학교 어린이 경배와 찬양 베스트 400 (B532)","(주)글로벌워십미니스트리","17800","B532","B동 5번 라인, 앞에서 3번째, 2층","7","0","7","위험","위험","거래","일치"
"9788992668422","(소)주일학교 어린이 경배와 찬양 베스트 400","(소)주일학교 어린이 경배와 찬양 베스트 400 (B532)","(주)글로벌워십미니스트리","13800","B532","B동 5번 라인, 앞에서 3번째, 2층","0","0","0","0재고","","거래","일치"
"9791188075157","내아이가 똑똑해지는 영재스도쿠 (중급) (Ab24)","내아이가 똑똑해지는 영재스도쿠 (중급) (Ab24)","글상자","9000","","위치 정보가 없습니다.","45","0","45","위험","위험","거래","일치"
"9791188125159","놀라우신 하나님","놀라우신 하나님 (B123)","국민북스","14000","B123","B동 1번 라인, 앞에서 2번째, 3층","42","3","45","위험","위험","거래","일치"
"9791188977246","한의사라서, 행복한 일은 매일 있어","한의사라서, 행복한 일은 매일 있어 (B422)","슬로디미디어","13800","B422","B동 4번 라인, 앞에서 2번째, 2층","171","0","171","","","거래","일치"
"9791189704025","에어프라이어 마스터셰프","에어프라이어 마스터셰프","피그말리온","11200","","위치 정보가 없습니다.","0","0","0","0재고","","거래","일치"
"9791195130375","BTS & BEATLES 블루의 사랑이 퍼질무렵","BTS & BEATLES 블루의 사랑이 퍼질무렵 (B144)","디자인 존(도서출판 푸른산)","13000","B144","B동 1번 라인, 앞에서 4번째, 4층","88","0","88","","","거래","일치"
"9791187384120","파티스리의 기본 (이론+레시피) (Ba11)","파티스리의 기본 (이론+레시피) (Ba11)","도림북스","25000","","위치 정보가 없습니다.","1","7","8","위험","위험","거래","일치"
"9791195363377","넓고 얕은 관계의 힘","넓고 얕은 관계의 힘 (B432)","이노다임북스","13800","B432","B동 4번 라인, 앞에서 3번째, 2층","0","0","0","0재고","","거래","일치"
"9791186877968","1분 생활상식(Bc32)","1분 생활상식(Bc32)","별글","13000","","위치 정보가 없습니다.","523","0","523","","","거래","일치"
"9791161030456","[2019] 케이렙 전산회계 1급 (이론+실기)","[2019] 케이렙 전산회계 1급 (이론+실기) (B342)","파스칼미디어","25000","B342","B동 3번 라인, 앞에서 4번째, 2층","8","0","8","위험","위험","거래","일치"
"9791163260738","하루 한편 시편 묵상 2 -시편에서 만나는 하나님의 성품 (Aa22)","하루 한편 시편 묵상 2 -시편에서 만나는 하나님의 성품 (Aa22)","좋은나무성품학교","12000","","위치 정보가 없습니다.","48","0","48","위험","위험","거래","일치"
"9791189704018","소박하고 다정한","소박하고 다정한 (A211)","피그말리온","14500","A211","A동 2번 라인, 앞에서 1번째, 1층","0","0","0","0재고","","거래","일치"
"9788993409284","주니어경제 시리즈-3 시장경제가 뭐지!","주니어경제 시리즈-3 시장경제가 뭐지! (B243)","북네스트(book-nest)","13000","B243","B동 2번 라인, 앞에서 4번째, 3층","598","2","600","","","거래","일치"
"9791188125142","말씀으로 쓰기치유","말씀으로 쓰기치유 (B123)","국민북스","14000","B123","B동 1번 라인, 앞에서 2번째, 3층","39","1","40","위험","위험","거래","일치"
"9791187085010","천리를 지키는 산, 조헌","천리를 지키는 산, 조헌","도서출판 활빈당","10000","","위치 정보가 없습니다.","1543","32","1575","","","거래","일치"
"9791188977222","하루5분 뇌과학 공부법","하루5분 뇌과학 공부법 (B422)","슬로디미디어","15000","B422","B동 4번 라인, 앞에서 2번째, 2층","20","0","20","위험","위험","거래","일치"
"8809626040030","시크릿 만년 다이어리","시크릿 만년 다이어리 (B645)","별글","12000","B645","B동 6번 라인, 앞에서 4번째, 5층","186","0","186","","","거래","일치"
"8809626040023","와일드 페미니스트 만년다이어리","와일드 페미니스트 만년다이어리 (B645)","별글","12000","B645","B동 6번 라인, 앞에서 4번째, 5층","196","0","196","","","거래","일치"
"","영어탈피 중급편-1","영어탈피 중급편-1","(주)우공이산","0","","위치 정보가 없습니다.","0","0","0","0재고","","거래","일치"
"9791163260714","하루한편 순종묵상 (Aa22)","하루한편 순종묵상 (Aa22)","좋은나무성품학교","12000","","위치 정보가 없습니다.","26","0","26","위험","위험","거래","일치"
"9788992064064","[개정판] 성품동화 [긍정] 좋아! 좋아! 펠리컨 (Aa43)","[개정판] 성품동화 [긍정] 좋아! 좋아! 펠리컨 (Aa43)","좋은나무성품학교","10000","","위치 정보가 없습니다.","28","0","28","위험","위험","거래","일치"
"9791196475307","강맥이","강맥이 (A322)","품","13000","A322","A동 3번 라인, 앞에서 2번째, 2층","980","39","1019","","","거래","일치"
"9791188977192","안녕하세요도 못했던 내가 말로 인정받기 시작했다.","안녕하세요도 못했던 내가 말로 인정받기 시작했다. (B422)","슬로디미디어","14800","B422","B동 4번 라인, 앞에서 2번째, 2층","16","0","16","위험","위험","거래","일치"
"9791188977185","하마터면 환율도 모르고 해외여행갈뻔했다.","하마터면 환율도 모르고 해외여행갈뻔했다. (B422)","슬로디미디어","15000","B422","B동 4번 라인, 앞에서 2번째, 2층","18","0","18","위험","위험","거래","일치"
"9791187384113","안아주고싶은 손뜨개인형","안아주고싶은 손뜨개인형 (B221)","도림북스","17000","B221","B동 2번 라인, 앞에서 2번째, 1층","60","1","61","","","거래","일치"
"9791188236114","저듸, 곰새기 (Aa63)","저듸, 곰새기 (Aa63)","아이들은자연이다","15000","","위치 정보가 없습니다.","460","0","460","","","거래","일치"
"9791196537609","가난한 아빠 세계명문대 학부모되기","가난한 아빠 세계명문대 학부모되기 (A112)","(주)미래교육연구소","18000","A112","A동 1번 라인, 앞에서 1번째, 2층","0","50","50","위험","위험","거래","일치"
"9791195363360","사랑이라는 이름의 모든관계","사랑이라는 이름의 모든관계 (B432)","이노다임북스","12800","B432","B동 4번 라인, 앞에서 3번째, 2층","0","0","0","0재고","","거래","일치"
"9791189704001","타이베이, 도쿄, 파리에서 나를 유혹한 가게들","타이베이, 도쿄, 파리에서 나를 유혹한 가게들 (A212)","피그말리온","12800","A212","A동 2번 라인, 앞에서 1번째, 2층","0","0","0","0재고","","거래","일치"
"9791186877951","17. 제인에어 2 (Bc33)","17. 제인에어 2 (Bc33)","별글","8800","","위치 정보가 없습니다.","497","0","497","","","거래","일치"
"9791186877944","16. 제인에어 1 (Bc33)","16. 제인에어 1 (Bc33)","별글","8800","","위치 정보가 없습니다.","326","0","326","","","거래","일치"
"9791187436287","[특별기념판] 리치처럼 승부하라","[특별기념판] 리치처럼 승부하라 (A351)","나무북스","15800","A351","A동 3번 라인, 앞에서 5번째, 1층","0","1","1","위험","위험","거래","일치"
"9791187436294","[특별기념판] 리치성공학","[특별기념판] 리치성공학 (A351)","나무북스","10000","A351","A동 3번 라인, 앞에서 5번째, 1층","1","2","3","위험","위험","거래","일치"
"9791188075096","영재 미로 3종 세트 (Ab24)","영재 미로 3종 세트 (Ab24)","글상자","18000","","위치 정보가 없습니다.","50","0","50","위험","위험","거래","일치"
"9788955155150","내몸을 살리는 힐링 샐러드와 소스","내몸을 살리는 힐링 샐러드와 소스","도서출판 하늘마루","15000","","위치 정보가 없습니다.","9","1","10","위험","위험","거래","일치"
"9791195539864","연애(戀愛)를 나누면 변(變)이된다.","연애(戀愛)를 나누면 변(變)이된다.","화인아츠출판","12000","","위치 정보가 없습니다.","0","0","0","0재고","","거래","일치"
"9791163200468","[개정]새끼 거위의 감사 (Aa23)","[개정]새끼 거위의 감사 (Aa23)","좋은나무성품학교","10000","","위치 정보가 없습니다.","36","0","36","위험","위험","거래","일치"
"9791186877937","또 색칠해 보라냥 (Bc32)","또 색칠해 보라냥 (Bc32)","별글","12000","","위치 정보가 없습니다.","119","0","119","","","거래","일치"
"","정조의 수수께끼 만년제","정조의 수수께끼 만년제","매홀북스","23000","","위치 정보가 없습니다.","0","0","0","0재고","","거래","일치"
"","사고 문화재 만년제","사고 문화재 만년제","매홀북스","9500","","위치 정보가 없습니다.","0","0","0","0재고","","거래","일치"
"9791188075126","사고력을 높여주는 영재 미로대탈출 (Ab23)","사고력을 높여주는 영재 미로대탈출 (Ab23)","글상자","7000","","위치 정보가 없습니다.","49","0","49","위험","위험","거래","일치"
"9791195607556","엄마가되고 난 이런 생각을 해 (Aa53)","엄마가되고 난 이런 생각을 해 (Aa53)","보통의 나날","14000","","위치 정보가 없습니다.","0","0","0","0재고","","거래","일치"
"9791163260486","하루 한편 시편 묵상-1 시편에서 만나는 하나님의 성품 (Aa22)","하루 한편 시편 묵상-1 시편에서 만나는 하나님의 성품 (Aa22)","좋은나무성품학교","12000","","위치 정보가 없습니다.","16","0","16","위험","위험","거래","일치"
"9791187384090","요리사, 요리책을 말하다 (Ba11)","요리사, 요리책을 말하다 (Ba11)","도림북스","15000","","위치 정보가 없습니다.","380","7","387","","","거래","일치"
"","반품","반품","도서출판 서정문학","0","","위치 정보가 없습니다.","0","0","0","0재고","","거래","일치"
"9791188977161","나는 파리에서 당당하게 사는법을 배웠다","나는 파리에서 당당하게 사는법을 배웠다 (B422)","슬로디미디어","13800","B422","B동 4번 라인, 앞에서 2번째, 2층","49","0","49","위험","위험","거래","일치"
"9791188125135","그대가 걸으면 길이된다","그대가 걸으면 길이된다 (B124)","국민북스","14000","B124","B동 1번 라인, 앞에서 2번째, 4층","48","0","48","위험","위험","거래","일치"
"9791188574070","나무는 아무말도 하지 않는단다","나무는 아무말도 하지 않는단다 (A231)","나는별","13000","A231","A동 2번 라인, 앞에서 3번째, 1층","0","0","0","0재고","","거래","일치"
"","과월호 반품","과월호 반품","씨이오메이커","8000","","위치 정보가 없습니다.","0","0","0","0재고","","거래","일치"
"9791185858098","[개정판] 당신은 아직 걷지 않았다","[개정판] 당신은 아직 걷지 않았다 (B412)","빈퍼블리시","13000","B412","B동 4번 라인, 앞에서 1번째, 2층","0","0","0","0재고","","거래","일치"
"9791186877913","14. 이상한 나라의 앨리스 (Bc33)","14. 이상한 나라의 앨리스 (Bc33)","별글","7700","","위치 정보가 없습니다.","1047","0","1047","","","거래","일치"
"9791186877920","15. 거울나라의 앨리스 (Bc32)","15. 거울나라의 앨리스 (Bc32)","별글","7700","","위치 정보가 없습니다.","1126","0","1126","","","거래","일치"
"9791186877906","13. 인형의 집 (Bc33)","13. 인형의 집 (Bc33)","별글","7700","","위치 정보가 없습니다.","984","0","984","","","거래","일치"
"9791196117436","테라포밍 (Ab23)","테라포밍 (Ab23)","글상자","10000","","위치 정보가 없습니다.","0","0","0","0재고","","거래","일치"
"9791196117443","여긴 어딥니까? (Ab23)","여긴 어딥니까? (Ab23)","글상자","10000","","위치 정보가 없습니다.","26","0","26","위험","위험","거래","일치"
"9791196462901","배기범 선생님 우쥬 통합과학","배기범 선생님 우쥬 통합과학 (B412)","YJ크리에이티브(파란북스)","20000","B412","B동 4번 라인, 앞에서 1번째, 2층","3881","17","3898","","","거래","일치"
"9791186796283","독자도되는 영어 공부법 (Ba11)","독자도되는 영어 공부법 (Ba11)","(주)우공이산","14000","","위치 정보가 없습니다.","48","2","50","위험","위험","거래","일치"
"","반품코드","반품코드","빈퍼블리시","0","","위치 정보가 없습니다.","0","0","0","0재고","","거래","일치"
"9791187384083","냉장고에 만들어 두는 빵","냉장고에 만들어 두는 빵 (B221)","도림북스","13800","B221","B동 2번 라인, 앞에서 2번째, 1층","0","1","1","위험","위험","거래","일치"
"9788993409277","길에서 영혼을 달래다","길에서 영혼을 달래다 (B242)","북네스트(book-nest)","10000","B242","B동 2번 라인, 앞에서 4번째, 2층","18","0","18","위험","위험","거래","일치"
"9791188977147","부자 마인드 셋","부자 마인드 셋 (B422)","슬로디미디어","13000","B422","B동 4번 라인, 앞에서 2번째, 2층","18","0","18","위험","위험","거래","일치"
"9791186877869","내 이름은 둘째","내 이름은 둘째 (B541)","별글","12000","B541","B동 5번 라인, 앞에서 4번째, 1층","700","0","700","","","거래","일치"
"9791188075119","창의력을 높여주는 영재 미로탐험 (Ab23)","창의력을 높여주는 영재 미로탐험 (Ab23)","글상자","7000","","위치 정보가 없습니다.","50","0","50","위험","위험","거래","일치"
"","반품코드","반품코드","글상자","0","","위치 정보가 없습니다.","0","0","0","0재고","","거래","일치"
"9788994807690","하얀초상화","하얀초상화 (B131)","도서출판 서정문학","12000","B131","B동 1번 라인, 앞에서 3번째, 1층","15","5","20","위험","위험","거래","일치"
"9788994807676","출근길","출근길 (B132)","도서출판 서정문학","10000","B132","B동 1번 라인, 앞에서 3번째, 2층","9","17","26","위험","위험","거래","일치"
"9791186877852","12. 키다리아저씨 (Bc33)","12. 키다리아저씨 (Bc33)","별글","7700","","위치 정보가 없습니다.","953","0","953","","","거래","일치"
"9791187420415","전쟁은 잔인했다 사랑과 평화다-4","전쟁은 잔인했다 사랑과 평화다-4 (B641)","도서명문","12000","B641","B동 6번 라인, 앞에서 4번째, 1층","52","8","60","","","거래","일치"
"9791187420408","전쟁은 잔인했다 사랑과 평화다-3","전쟁은 잔인했다 사랑과 평화다-3 (B641)","도서명문","12000","B641","B동 6번 라인, 앞에서 4번째, 1층","75","7","82","","","거래","일치"
"9791187420392","전쟁은 잔인했다 사랑과 평화다-2","전쟁은 잔인했다 사랑과 평화다-2 (B641)","도서명문","12000","B641","B동 6번 라인, 앞에서 4번째, 1층","6","9","15","위험","위험","거래","일치"
"","전쟁은 잔인했다 사랑과 평화다-1","전쟁은 잔인했다 사랑과 평화다-1","도서명문","12000","","위치 정보가 없습니다.","0","23","23","위험","위험","거래","일치"
"9791187420378","전쟁은 잔인했다 사랑과 평화다 4권세트","전쟁은 잔인했다 사랑과 평화다 4권세트 (B641)","도서명문","45000","B641","B동 6번 라인, 앞에서 4번째, 1층","839","19","858","","","거래","일치"
"9791188977123","앞으로3년 오를지역만 짚어주는 부자들의 부동산투자","앞으로3년 오를지역만 짚어주는 부자들의 부동산투자 (B422)","슬로디미디어","15000","B422","B동 4번 라인, 앞에서 2번째, 2층","7","0","7","위험","위험","거래","일치"
"9791186877838","게을러도 괜찮아","게을러도 괜찮아 (B542)","별글","15000","B542","B동 5번 라인, 앞에서 4번째, 2층","7","0","7","위험","위험","거래","일치"
"9791188125111","회개","회개 (B124)","국민북스","13000","B124","B동 1번 라인, 앞에서 2번째, 4층","91","0","91","","","거래","일치"
"8809626040009","문노트(Bc32)","문노트(Bc32)","별글","12000","","위치 정보가 없습니다.","60","0","60","","","거래","일치"
"9791163260110","성품훈계법 (Aa32)","성품훈계법 (Aa32)","좋은나무성품학교","15000","","위치 정보가 없습니다.","40","0","40","위험","위험","거래","일치"
"9791188075102","사고력을 키우는 영재 동물 미로 (Ab23)","사고력을 키우는 영재 동물 미로 (Ab23)","글상자","7000","","위치 정보가 없습니다.","52","0","52","","","거래","일치"
"9791188236084","빅 히스토리로 시작하는 물리공부 빅뱅 여행을 시작해! (Aa63)","빅 히스토리로 시작하는 물리공부 빅뱅 여행을 시작해! (Aa63)","아이들은자연이다","15000","","위치 정보가 없습니다.","782","3","785","","","거래","일치"
"9791188125104","동주에서 아야코 까지","동주에서 아야코 까지 (B121)","국민북스","15800","B121","B동 1번 라인, 앞에서 2번째, 1층","208","2","210","","","거래","일치"
"9791188699025","집이 웃는다","집이 웃는다","지식공방","18000","","위치 정보가 없습니다.","0","0","0","0재고","","거래","일치"
"9791186877494","파스텔 에디션(10종 세트)","파스텔 에디션(10종 세트)","별글","59000","","위치 정보가 없습니다.","0","0","0","0재고","","거래","일치"
"9791188125128","자신을 죽이고 주님과 동행하며 사람을 살리는 사람","자신을 죽이고 주님과 동행하며 사람을 살리는 사람 (B123)","국민북스","8000","B123","B동 1번 라인, 앞에서 2번째, 3층","51","0","51","","","거래","일치"
"9791186877821","11. 어린왕자 (Bc32)","11. 어린왕자 (Bc32)","별글","7700","","위치 정보가 없습니다.","339","0","339","","","거래","일치"
"9791188977079","나무의 언어","나무의 언어 (B421)","슬로디미디어","13800","B421","B동 4번 라인, 앞에서 2번째, 1층","29","0","29","위험","위험","거래","일치"
"9791188977086","강의 언어","강의 언어 (B422)","슬로디미디어","13800","B422","B동 4번 라인, 앞에서 2번째, 2층","14","0","14","위험","위험","거래","일치"
"","영어탈피 중급편-4","영어탈피 중급편-4","(주)우공이산","0","","위치 정보가 없습니다.","0","0","0","0재고","","거래","일치"
"","영어탈피 중급편-3","영어탈피 중급편-3","(주)우공이산","0","","위치 정보가 없습니다.","2","0","2","위험","위험","거래","일치"
"","영어탈피 중급편-2","영어탈피 중급편-2","(주)우공이산","0","","위치 정보가 없습니다.","14","0","14","위험","위험","거래","일치"
"9791186796238","영어탈피 중급편 4권세트","영어탈피 중급편 4권세트","(주)우공이산","54000","","위치 정보가 없습니다.","0","0","0","0재고","","거래","일치"
"9791188574063","그림책 테라피가 뭐길래","그림책 테라피가 뭐길래 (A251)","나는별","14000","A251","A동 2번 라인, 앞에서 5번째, 1층","0","1","1","위험","위험","거래","일치"
"9788993409246","주니어경제 시리즈-2 세금과 나라살림","주니어경제 시리즈-2 세금과 나라살림 (B243)","북네스트(book-nest)","12500","B243","B동 2번 라인, 앞에서 4번째, 3층","284","0","284","","","거래","일치"
"9791195274888","천방지축 우주영웅 - 유령 행성을 찾아서","천방지축 우주영웅 - 유령 행성을 찾아서","도서출판 자주보라","11000","","위치 정보가 없습니다.","442","3","445","","","거래","일치"
"9791188977062","천재들의 생각수업","천재들의 생각수업 (B421)","슬로디미디어","15000","B421","B동 4번 라인, 앞에서 2번째, 1층","6","0","6","위험","위험","거래","일치"
"9791186877791","세상의 모든 아이들을위한 인권사전","세상의 모든 아이들을위한 인권사전 (B673)","별글","12000","B673","B동 6번 라인, 앞에서 7번째, 3층","1091","0","1091","","","거래","일치"
"9791195827206","종합해단과 삼형살","종합해단과 삼형살 (B151)","태학당","36000","B151","B동 1번 라인, 앞에서 5번째, 1층","304","7","311","","","거래","일치"
"9791195130368","BTS 어서와 방탄은 처음이지","BTS 어서와 방탄은 처음이지","디자인 존(도서출판 푸른산)","13000","","위치 정보가 없습니다.","0","0","0","0재고","","거래","일치"
"9791187384076","세계를 여행하는 손뜨게 인형","세계를 여행하는 손뜨게 인형 (B231)","도림북스","16000","B231","B동 2번 라인, 앞에서 3번째, 1층","632","6","638","","","거래","일치"
"9791188125098","본질을 붙들면 후회하지 않는다","본질을 붙들면 후회하지 않는다 (B113)","국민북스","14000","B113","B동 1번 라인, 앞에서 1번째, 3층","161","0","161","","","거래","일치"
"","영어탈피 세트 리플렛 -증정","영어탈피 세트 리플렛 -증정","(주)우공이산","0","","위치 정보가 없습니다.","0","0","0","0재고","","거래","일치"
"9791187384069","지구와 친구하기","지구와 친구하기 (B231)","도림북스","15000","B231","B동 2번 라인, 앞에서 3번째, 1층","16","0","16","위험","위험","거래","일치"
"9791195981786","어른을위한 그림책테라피","어른을위한 그림책테라피","피그말리온","14500","","위치 정보가 없습니다.","0","0","0","0재고","","거래","일치"
"9791188125081","베드로처럼","베드로처럼 (B122)","국민북스","14000","B122","B동 1번 라인, 앞에서 2번째, 2층","104","5","109","","","거래","일치"
"9788994807638","서정시선 8","서정시선 8 (B131)","도서출판 서정문학","12000","B131","B동 1번 라인, 앞에서 3번째, 1층","22","6","28","위험","위험","거래","일치"
"9791188699018","변리사 200% 활용법","변리사 200% 활용법","지식공방","15000","","위치 정보가 없습니다.","0","0","0","0재고","","거래","일치"
"9791186877432","하버드 예술교육법","하버드 예술교육법 (B542)","별글","14000","B542","B동 5번 라인, 앞에서 4번째, 2층","436","0","436","","","거래","일치"
"9791195607549","앗! 고양이 미술관 (Aa53)","앗! 고양이 미술관 (Aa53)","보통의 나날","14000","","위치 정보가 없습니다.","0","0","0","0재고","","거래","일치"
"","어린이 영어탈피(상)","어린이 영어탈피(상)","(주)우공이산","0","","위치 정보가 없습니다.","0","0","0","0재고","","거래","일치"
"9791188125067","그림 일대일 양육","그림 일대일 양육","국민북스","7000","","위치 정보가 없습니다.","58","0","58","","","거래","일치"
"9791186796207","어린이 영어탈피 2권세트 (Ba21)","어린이 영어탈피 2권세트 (Ba21)","(주)우공이산","29000","","위치 정보가 없습니다.","284","3","287","","","거래","일치"
"9791187642138","TEENUP 직업기초능력평가문제집","TEENUP 직업기초능력평가문제집 (A121)","우리교과서","25000","A121","A동 1번 라인, 앞에서 2번째, 1층","0","1","1","위험","위험","거래","일치"
"9791195130351","음악과 자유가 선택한 조용필","음악과 자유가 선택한 조용필 (B143)","디자인 존(도서출판 푸른산)","13000","B143","B동 1번 라인, 앞에서 4번째, 3층","742","2","744","","","거래","일치"
"9791188977048","1년만에 중국어 통역사가된 비법","1년만에 중국어 통역사가된 비법 (B422)","슬로디미디어","14800","B422","B동 4번 라인, 앞에서 2번째, 2층","22","0","22","위험","위험","거래","일치"
"9791186877654","내 이름은 모모","내 이름은 모모 (B541)","별글","12000","B541","B동 5번 라인, 앞에서 4번째, 1층","451","0","451","","","거래","일치"
"9791186877661","생각좀 하고 말해줄래?","생각좀 하고 말해줄래? (B543)","별글","14000","B543","B동 5번 라인, 앞에서 4번째, 3층","63","0","63","","","거래","일치"
"9791188574025","밥, 예쁘게 먹겠습니다 !","밥, 예쁘게 먹겠습니다 ! (A231)","나는별","13000","A231","A동 2번 라인, 앞에서 3번째, 1층","113","0","113","","","거래","일치"
"9791195779437","[개정증보판] ZBrush와 3D프린터","[개정증보판] ZBrush와 3D프린터 (A311)","ㅅ (시옷) 출판사","35000","A311","A동 3번 라인, 앞에서 1번째, 1층","0","0","0","0재고","","거래","일치"
"9791188977017","열등감 버리기 기술","열등감 버리기 기술 (B442)","슬로디미디어","14500","B442","B동 4번 라인, 앞에서 4번째, 2층","3","0","3","위험","위험","거래","일치"
"9791161030272","[2018] 케이렙 전산회계 2급 이론+실기","[2018] 케이렙 전산회계 2급 이론+실기 (B322)","파스칼미디어","18000","B322","B동 3번 라인, 앞에서 2번째, 2층","0","0","0","0재고","","거래","일치"
"9791195274871","자연바보 선생님의 생태학교","자연바보 선생님의 생태학교 (B651)","도서출판 자주보라","13000","B651","B동 6번 라인, 앞에서 5번째, 1층","397","1","398","","","거래","일치"
"9791187384052","가족이 함께하는 어린이 요리책","가족이 함께하는 어린이 요리책 (B231)","도림북스","15000","B231","B동 2번 라인, 앞에서 3번째, 1층","105","0","105","","","거래","일치"
"9791186777084","가나안성도에게 보내는 편지","가나안성도에게 보내는 편지","도서출판 익두스","14000","","위치 정보가 없습니다.","273","13","286","","","거래","일치"
"9791186796153","영어탈피 라이브 영어회화 4종세트 (Ba21)","영어탈피 라이브 영어회화 4종세트 (Ba21)","(주)우공이산","48000","","위치 정보가 없습니다.","135","0","135","","","거래","일치"
"9791195554966","미리만나는 1학년 학교생활 안내서","미리만나는 1학년 학교생활 안내서 (B154)","오르트","14000","B154","B동 1번 라인, 앞에서 5번째, 4층","1097","0","1097","","","거래","일치"
"9791186945100","진로독서를위한 10분 책읽기-인물자서전편 (Bb11)","진로독서를위한 10분 책읽기-인물자서전편 (Bb11)","(주) 엘코케이- 라온북스","15000","","위치 정보가 없습니다.","173","0","173","","","거래","일치"
"9791161030265","[2018] 전산회계 및 FAT 이론1급","[2018] 전산회계 및 FAT 이론1급  (B322)","파스칼미디어","18000","B322","B동 3번 라인, 앞에서 2번째, 2층","0","0","0","0재고","","거래","일치"
"9791186877623","10. 사람은 무엇으로 사는가 (Bc31)","10. 사람은 무엇으로 사는가 (Bc31)","별글","8800","","위치 정보가 없습니다.","403","0","403","","","거래","일치"
"9791186877616","09. 페스트 (Bc31)","09. 페스트 (Bc31)","별글","8800","","위치 정보가 없습니다.","151","0","151","","","거래","일치"
"9791186877609","08. 오이디푸스왕 (Bc31)","08. 오이디푸스왕 (Bc31)","별글","7700","","위치 정보가 없습니다.","145","0","145","","","거래","일치"
"9791186877593","07.젊은 베르테르의 슬픔 (Bc31)","07.젊은 베르테르의 슬픔 (Bc31)","별글","7700","","위치 정보가 없습니다.","293","0","293","","","거래","일치"
"9791186877586","06. 위대한개츠비 (Bc31)","06. 위대한개츠비 (Bc31)","별글","7700","","위치 정보가 없습니다.","233","1","234","","","거래","일치"
"9791186877579","05. 노인과바다 (Bc31)","05. 노인과바다 (Bc31)","별글","6600","","위치 정보가 없습니다.","500","0","500","","","거래","일치"
"9791186877562","04. 오만과편견 (Bc31)","04. 오만과편견 (Bc31)","별글","8800","","위치 정보가 없습니다.","167","0","167","","","거래","일치"
"9791186877555","03. 이방인 (Bc31)","03. 이방인 (Bc31)","별글","7700","","위치 정보가 없습니다.","381","0","381","","","거래","일치"
"9791186877548","02. 동물농장 (Bc31)","02. 동물농장 (Bc31)","별글","7700","","위치 정보가 없습니다.","126","0","126","","","거래","일치"
"9791186877531","01. 데미안 (Bc31)","01. 데미안 (Bc31)","별글","7700","","위치 정보가 없습니다.","462","0","462","","","거래","일치"
"9788993409239","대통령이 다스리는 나라 총리가 다스리는 나라","대통령이 다스리는 나라  총리가 다스리는 나라 (B233)","북네스트(book-nest)","14000","B233","B동 2번 라인, 앞에서 3번째, 3층","101","1","102","","","거래","일치"
"9791188977000","꿈을 잃어버린 당신에게","꿈을 잃어버린 당신에게 (B421)","슬로디미디어","15000","B421","B동 4번 라인, 앞에서 2번째, 1층","14","0","14","위험","위험","거래","일치"
"9791188125050","위쪽으로 떨어지다","위쪽으로 떨어지다 (B123)","국민북스","14000","B123","B동 1번 라인, 앞에서 2번째, 3층","93","3","96","","","거래","일치"
"9791195554959","미리만나는 1학년 수학","미리만나는 1학년 수학 (B153)","오르트","15000","B153","B동 1번 라인, 앞에서 5번째, 3층","683","9","692","","","거래","일치"
"9791195111824","큰꿈을 가져 포피야!","큰꿈을 가져 포피야! (A341)","나무북스","12000","A341","A동 3번 라인, 앞에서 4번째, 1층","203","11","214","","","거래","일치"
"9791195111831","세계로나가 포피야!","세계로나가 포피야! (A341)","나무북스","12000","A341","A동 3번 라인, 앞에서 4번째, 1층","198","23","221","","","거래","일치"
"9788968422010","기초그리기 - 크로키북","기초그리기 - 크로키북 (B241)","도서출판 하늘마루","10000","B241","B동 2번 라인, 앞에서 4번째, 1층","4","12","16","위험","위험","거래","일치"
"9788968422065","누구나 쉽게 그리는 크로키북 -곤충.자연그리기","누구나 쉽게 그리는 크로키북 -곤충.자연그리기 (B241)","도서출판 하늘마루","10000","B241","B동 2번 라인, 앞에서 4번째, 1층","0","5","5","위험","위험","거래","일치"
"9788968422041","음식그리기 - 크로키북","음식그리기 - 크로키북 (B241)","도서출판 하늘마루","10000","B241","B동 2번 라인, 앞에서 4번째, 1층","0","5","5","위험","위험","거래","일치"
"9788968422058","동물그리기 - 크로키북","동물그리기 - 크로키북 (B241)","도서출판 하늘마루","10000","B241","B동 2번 라인, 앞에서 4번째, 1층","0","8","8","위험","위험","거래","일치"
"9788968422027","누구나 쉽게 그리는크로키북-사물그리기","누구나 쉽게 그리는크로키북-사물그리기 (B241)","도서출판 하늘마루","10000","B241","B동 2번 라인, 앞에서 4번째, 1층","0","4","4","위험","위험","거래","일치"
"9788968422034","인물그리기 - 크로키북","인물그리기 - 크로키북 (B241)","도서출판 하늘마루","10000","B241","B동 2번 라인, 앞에서 4번째, 1층","0","5","5","위험","위험","거래","일치"
"9791195373802","팔도김치 & 퓨전요리","팔도김치 & 퓨전요리 (B241)","도서출판 하늘마루","20000","B241","B동 2번 라인, 앞에서 4번째, 1층","4","0","4","위험","위험","거래","일치"
"9791195363353","탑 오브 마인드","탑 오브 마인드 (B432)","이노다임북스","16800","B432","B동 4번 라인, 앞에서 3번째, 2층","0","0","0","0재고","","거래","일치"
"9791195130320","제2시집 날마다 날마다","제2시집 날마다 날마다 (B142)","디자인 존(도서출판 푸른산)","10000","B142","B동 1번 라인, 앞에서 4번째, 2층","69","0","69","","","거래","일치"
"9791195130313","제1시집 봄이또 내게로 왔다","제1시집 봄이또 내게로 왔다 (B142)","디자인 존(도서출판 푸른산)","10000","B142","B동 1번 라인, 앞에서 4번째, 2층","72","0","72","","","거래","일치"
"9791195130337","겨울반추(反芻)","겨울반추(反芻) (B142)","디자인 존(도서출판 푸른산)","9000","B142","B동 1번 라인, 앞에서 4번째, 2층","341","0","341","","","거래","일치"
"","아이들교육 안녕하십니까?","아이들교육 안녕하십니까?","도서출판 채임","12000","","위치 정보가 없습니다.","0","0","0","0재고","","거래","일치"
"9791196129675","관계 리셋","관계 리셋 (B422)","슬로디미디어","14800","B422","B동 4번 라인, 앞에서 2번째, 2층","96","0","96","","","거래","일치"
"9791196129668","잉글리시 홈트","잉글리시 홈트 (B422)","슬로디미디어","13800","B422","B동 4번 라인, 앞에서 2번째, 2층","17","0","17","위험","위험","거래","일치"
"9788993409109","(개정) 아빠, 글쓰기좀 가르쳐주세요","(개정) 아빠, 글쓰기좀 가르쳐주세요 (B233)","북네스트(book-nest)","13000","B233","B동 2번 라인, 앞에서 3번째, 3층","6","2","8","위험","위험","거래","일치"
"9791186877517","내인생에 힘이되는 말 한마디","내인생에 힘이되는 말 한마디 (B674)","별글","13000","B674","B동 6번 라인, 앞에서 7번째, 4층","920","1","921","","","거래","일치"
"9788994807621","변산바람꽃","변산바람꽃 (B133)","도서출판 서정문학","10000","B133","B동 1번 라인, 앞에서 3번째, 3층","6","19","25","위험","위험","거래","일치"
"9788994807614","어느 봄날의 달콤함","어느 봄날의 달콤함 (B133)","도서출판 서정문학","10000","B133","B동 1번 라인, 앞에서 3번째, 3층","8","3","11","위험","위험","거래","일치"
"9788994807591","위로","위로 (B133)","도서출판 서정문학","10000","B133","B동 1번 라인, 앞에서 3번째, 3층","14","0","14","위험","위험","거래","일치"
"9788994807584","풀빵괴담","풀빵괴담 (B133)","도서출판 서정문학","10000","B133","B동 1번 라인, 앞에서 3번째, 3층","13","10","23","위험","위험","거래","일치"
"9791188125043","이렇게 살아도 행복해","이렇게 살아도 행복해 (B123)","국민북스","13000","B123","B동 1번 라인, 앞에서 2번째, 3층","31","0","31","위험","위험","거래","일치"
"9791196117429","나는 다량의 위험물질이다 (Ab23)","나는 다량의 위험물질이다 (Ab23)","글상자","10000","","위치 정보가 없습니다.","29","0","29","위험","위험","거래","일치"
"9791188699001","대화의 향기","대화의 향기","지식공방","15000","","위치 정보가 없습니다.","0","0","0","0재고","","거래","일치"
"9788994807607","짭짤하고 성스러운 55가지 이야기","짭짤하고 성스러운 55가지 이야기 (B133)","도서출판 서정문학","10000","B133","B동 1번 라인, 앞에서 3번째, 3층","4","34","38","위험","위험","거래","일치"
"9791195539857","밥 한술에 이야기 반찬","밥 한술에 이야기 반찬","화인아츠출판","12000","","위치 정보가 없습니다.","0","0","0","0재고","","거래","일치"
"9788996672395","인생을 바꾸는 행복한 이야기","인생을 바꾸는 행복한 이야기","도서출판 익두스","11000","","위치 정보가 없습니다.","0","14","14","위험","위험","거래","일치"
"","반품용코드","반품용코드","(주)우공이산","0","","위치 정보가 없습니다.","0","0","0","0재고","","거래","일치"
"9791195981779","아이의 꿈은 자존감과 힘께 자란다.","아이의 꿈은 자존감과 힘께 자란다. (A212)","피그말리온","15000","A212","A동 2번 라인, 앞에서 1번째, 2층","0","0","0","0재고","","거래","일치"
"","6색 몽당연필","6색 몽당연필","도림북스","0","","위치 정보가 없습니다.","0","0","0","0재고","","거래","일치"
"9788993409208","주니어경제 시리즈-1 생활의 기본 화폐, 돈","주니어경제 시리즈-1 생활의 기본 화폐, 돈 (B233)","북네스트(book-nest)","13500","B233","B동 2번 라인, 앞에서 3번째, 3층","0","3","3","위험","위험","거래","일치"
"9791188236015","내방에서 콩나물 (Aa63)","내방에서 콩나물  (Aa63)","아이들은자연이다","15000","","위치 정보가 없습니다.","554","1","555","","","거래","일치"
"9791186796146","영어탈피 새 첫걸음편 (Ba21)","영어탈피 새 첫걸음편  (Ba21)","(주)우공이산","22000","","위치 정보가 없습니다.","5","0","5","위험","위험","거래","일치"
"","영어탈피 초급편-4","영어탈피 초급편-4","(주)우공이산","13500","","위치 정보가 없습니다.","0","0","0","0재고","","거래","일치"
"","영어탈피 초급편-3","영어탈피 초급편-3","(주)우공이산","13500","","위치 정보가 없습니다.","0","0","0","0재고","","거래","일치"
"","영어탈피 초급편-2","영어탈피 초급편-2","(주)우공이산","13500","","위치 정보가 없습니다.","0","0","0","0재고","","거래","일치"
"","영어탈피 초급편-1","영어탈피 초급편-1","(주)우공이산","13500","","위치 정보가 없습니다.","0","0","0","0재고","","거래","일치"
"9791186796092","영어탈피 초급편 4권세트 (Ba11)","영어탈피 초급편 4권세트 (Ba11)","(주)우공이산","54000","","위치 정보가 없습니다.","260","0","260","","","거래","일치"
"9791186945094","진로독서를위한 10분 책읽기-4차산업혁명 메이커편 (Bb11)","진로독서를위한 10분 책읽기-4차산업혁명 메이커편 (Bb11)","(주) 엘코케이- 라온북스","15000","","위치 정보가 없습니다.","21","0","21","위험","위험","거래","일치"
"9791187436072","라이프체인징 시크릿 3","라이프체인징 시크릿 3","나무북스","11000","","위치 정보가 없습니다.","282","4","286","","","거래","일치"
"9791187436065","라이프체인징 시크릿 2","라이프체인징 시크릿 2","나무북스","12000","","위치 정보가 없습니다.","1","7","8","위험","위험","거래","일치"
"9791187436058","라이프체인징 시크릿 1","라이프체인징 시크릿 1","나무북스","12000","","위치 정보가 없습니다.","0","0","0","0재고","","거래","일치"
"9791196129644","취업하려고 이력서 1000번 써봤니?","취업하려고 이력서 1000번 써봤니? (B412)","슬로디미디어","14800","B412","B동 4번 라인, 앞에서 1번째, 2층","35","0","35","위험","위험","거래","일치"
"9791195554942","미리만나는 1학년 봄 여름 가을 겨울","미리만나는 1학년 봄 여름 가을 겨울 (B154)","오르트","15000","B154","B동 1번 라인, 앞에서 5번째, 4층","691","5","696","","","거래","일치"
"9788994807577","서울여자","서울여자","도서출판 서정문학","10000","","위치 정보가 없습니다.","0","3","3","위험","위험","거래","일치"
"9791195098293","영재는 일기를 이렇게 쓴다","영재는 일기를 이렇게 쓴다","지식공방","14500","","위치 정보가 없습니다.","0","0","0","0재고","","거래","일치"
"9791186877487","색칠해보라냥","색칠해보라냥 (B542)","별글","12000","B542","B동 5번 라인, 앞에서 4번째, 2층","102","0","102","","","거래","일치"
"","구판-반품코드","구판-반품코드","슬로디미디어","0","","위치 정보가 없습니다.","0","1","1","위험","위험","거래","일치"
"9791195570522","[개정판]기적을 부르는 안드로이드 통신 프로그램","[개정판]기적을 부르는 안드로이드 통신 프로그램 (B531)","(주)투에이치앤에스","46000","B531","B동 5번 라인, 앞에서 3번째, 1층","0","5","5","위험","위험","거래","일치"
"9791196117405","모르는 귀 (Ab23)","모르는 귀 (Ab23)","글상자","10000","","위치 정보가 없습니다.","26","2","28","위험","위험","거래","일치"
"9791186877418","푸른 화가의 진실","푸른 화가의 진실 (B674)","별글","13000","B674","B동 6번 라인, 앞에서 7번째, 4층","902","10","912","","","거래","일치"
"9791195981762","실용낭만 취미살이","실용낭만 취미살이 (A212)","피그말리온","16000","A212","A동 2번 라인, 앞에서 1번째, 2층","0","0","0","0재고","","거래","일치"
"9791195787197","로봇큐로와 별별과학 ③읽어버린기억을 찾아서","로봇큐로와 별별과학 ③읽어버린기억을 찾아서 (A252)","나는별","10000","A252","A동 2번 라인, 앞에서 5번째, 2층","104","0","104","","","거래","일치"
"9791195041688","제임스킬의 비키니라인-하체다이어트-","제임스킬의 비키니라인-하체다이어트- (A342)","씨이오메이커","9800","A342","A동 3번 라인, 앞에서 4번째, 2층","77","0","77","","","거래","일치"
"9791195041671","제임스킬의 비키니라인 -복근다이어트-","제임스킬의 비키니라인 -복근다이어트- (A342)","씨이오메이커","9800","A342","A동 3번 라인, 앞에서 4번째, 2층","74","0","74","","","거래","일치"
"9791187642060","게임중국어","게임중국어 (A141)","우리교과서","28000","A141","A동 1번 라인, 앞에서 4번째, 1층","4","1","5","위험","위험","거래","일치"
"9791186945087","진로독서를위한 10분 책읽기-글로벌편 (Bb11)","진로독서를위한 10분 책읽기-글로벌편 (Bb11)","(주) 엘코케이- 라온북스","15000","","위치 정보가 없습니다.","17","0","17","위험","위험","거래","일치"
"9791195098286","특허는 전략이다","특허는 전략이다","지식공방","15000","","위치 정보가 없습니다.","0","0","0","0재고","","거래","일치"
"","반품코드","반품코드","(주)투에이치앤에스","0","","위치 정보가 없습니다.","0","0","0","0재고","","거래","일치"
"","반품코드","반품코드","도서출판 화림원","0","","위치 정보가 없습니다.","0","0","0","0재고","","거래","일치"
"9781925189292","My little doctor's bag","My little doctor's bag","(주)잉글리시에그","13000","","위치 정보가 없습니다.","210","6","216","","","거래","일치"
"9781925189476","My little school bag","My little school bag","(주)잉글리시에그","13000","","위치 정보가 없습니다.","178","6","184","","","거래","일치"
"9781925189285","My little toolbox","My little toolbox","(주)잉글리시에그","13000","","위치 정보가 없습니다.","322","5","327","","","거래","일치"
"9781925189483","My little handbag","My little handbag","(주)잉글리시에그","13000","","위치 정보가 없습니다.","175","5","180","","","거래","일치"
"9791188125036","예수를 알아야 인생이 보인다.","예수를 알아야 인생이 보인다. (B123)","국민북스","15000","B123","B동 1번 라인, 앞에서 2번째, 3층","12","2","14","위험","위험","거래","일치"
"9791196129606","불안에 서툰 당신에게","불안에 서툰 당신에게 (B422)","슬로디미디어","15000","B422","B동 4번 라인, 앞에서 2번째, 2층","0","0","0","0재고","","거래","일치"
"9791195274864","섬진강의 사계절 참 신기한 일이야","섬진강의 사계절 참 신기한 일이야 (B654)","도서출판 자주보라","13800","B654","B동 6번 라인, 앞에서 5번째, 4층","395","4","399","","","거래","일치"
"9791185825281","우리집 텃밭","우리집 텃밭","도서출판 하늘마루","10000","","위치 정보가 없습니다.","0","0","0","0재고","","거래","일치"
"9791185825267","한국의 야생화","한국의 야생화 (B242)","도서출판 하늘마루","10000","B242","B동 2번 라인, 앞에서 4번째, 2층","3","0","3","위험","위험","거래","일치"
"9791185825311","한국의 민물고기","한국의 민물고기 (B242)","도서출판 하늘마루","10000","B242","B동 2번 라인, 앞에서 4번째, 2층","12","0","12","위험","위험","거래","일치"
"9791185825397","한국의 산나물","한국의 산나물 (B242)","도서출판 하늘마루","10000","B242","B동 2번 라인, 앞에서 4번째, 2층","24","1","25","위험","위험","거래","일치"
"9791185825380","한국의 약초","한국의 약초 (B242)","도서출판 하늘마루","10000","B242","B동 2번 라인, 앞에서 4번째, 2층","27","1","28","위험","위험","거래","일치"
"9791185825373","한국의 버섯","한국의 버섯 (B242)","도서출판 하늘마루","10000","B242","B동 2번 라인, 앞에서 4번째, 2층","23","0","23","위험","위험","거래","일치"
"9788966068746","I'm in Here","I'm in Here","(주)잉글리시에그","18500","","위치 정보가 없습니다.","790","4","794","","","거래","일치"
"9788966068739","Corners are for sleeping","Corners are for sleeping","(주)잉글리시에그","16500","","위치 정보가 없습니다.","838","2","840","","","거래","일치"
"9788966068722","Free Me! Please!","Free Me! Please!","(주)잉글리시에그","16500","","위치 정보가 없습니다.","631","1","632","","","거래","일치"
"","잡지구판 반품","잡지구판 반품","씨이오메이커","8000","","위치 정보가 없습니다.","0","0","0","0재고","","거래","일치"
"9788995113578","읽는 그림 보는 소설 -2017 문예 비엔날레-","읽는 그림 보는 소설 -2017 문예 비엔날레- (B161)","도서출판 화림원","12000","B161","B동 1번 라인, 앞에서 6번째, 1층","554","26","580","","","거래","일치"
"9791195827275","신선 이야기 3 매혹신사 (B162b3)","신선 이야기 3 매혹신사 (B162b3)","태학당","6000","","위치 정보가 없습니다.","198","1","199","","","거래","일치"
"9791195827268","신선 이야기 2 밤의지배자 (B152b3)","신선 이야기 2 밤의지배자 (B152b3)","태학당","6000","","위치 정보가 없습니다.","200","0","200","","","거래","일치"
"9791195827251","신선 이야기 1 무한의 비밀 (B152b3)","신선 이야기 1 무한의 비밀 (B152b3)","태학당","6000","","위치 정보가 없습니다.","197","1","198","","","거래","일치"
"9791195827244","기문둔갑 사주풀이 2권 세기의 살인마들 (B152b3)","기문둔갑 사주풀이 2권 세기의 살인마들 (B152b3)","태학당","16000","","위치 정보가 없습니다.","513","2","515","","","거래","일치"
"9791195827237","기문둔갑 사주풀이 1권 성공한 사람들 (B152b3)","기문둔갑 사주풀이 1권 성공한 사람들 (B152b3)","태학당","16000","","위치 정보가 없습니다.","239","6","245","","","거래","일치"
"9791195827282","기문둔갑 기초편-원리론과 조식편 (B152b3)","기문둔갑 기초편-원리론과 조식편 (B152b3)","태학당","25000","","위치 정보가 없습니다.","604","3","607","","","거래","일치"
"9791195041664","제임스킬의 비키니라인-상체편-","제임스킬의 비키니라인-상체편- (A342)","씨이오메이커","9800","A342","A동 3번 라인, 앞에서 4번째, 2층","78","0","78","","","거래","일치"
"9791195981755","공동경험","공동경험 (A212)","피그말리온","16000","A212","A동 2번 라인, 앞에서 1번째, 2층","0","0","0","0재고","","거래","일치"
"9791188008018","라면의정수 (드림커머스)","라면의정수 (드림커머스) (B413)","빈퍼블리시","12500","B413","B동 4번 라인, 앞에서 1번째, 3층","0","0","0","0재고","","거래","일치"
"9791188125029","말씀을 낭독하라(B121b3)","말씀을 낭독하라(B121b3)","국민북스","13000","","위치 정보가 없습니다.","370","1","371","","","거래","일치"
"9791186877371","괜찮아, 청춘이잖아","괜찮아, 청춘이잖아 (B543)","별글","15000","B543","B동 5번 라인, 앞에서 4번째, 3층","180","1","181","","","거래","일치"
"9791195852543","앙코르커리어 핸드북(서울특별시50플러스재단) (Ab34)","앙코르커리어 핸드북(서울특별시50플러스재단) (Ab34)","계백북스","13000","","위치 정보가 없습니다.","6","27","33","위험","위험","거래","일치"
"9791188125012","트렌드를 알아야 부동산이 보인다 2020","트렌드를 알아야 부동산이 보인다 2020 (B114)","국민북스","15800","B114","B동 1번 라인, 앞에서 1번째, 4층","12","2","14","위험","위험","거래","일치"
"9788994807553","햇살이 피워낸 꽃길","햇살이 피워낸 꽃길 (B133)","도서출판 서정문학","10000","B133","B동 1번 라인, 앞에서 3번째, 3층","2","10","12","위험","위험","거래","일치"
"9791188125005","스타쉐프의 꿈을 조리하다","스타쉐프의 꿈을 조리하다","국민북스","6000","","위치 정보가 없습니다.","0","0","0","0재고","","거래","일치"
"9791186877364","오, 클래식","오, 클래식 (B533)","별글","12000","B533","B동 5번 라인, 앞에서 3번째, 3층","9","0","9","위험","위험","거래","일치"
"9791186777053","바젤3 모멘트","바젤3 모멘트","도서출판 익두스","15000","","위치 정보가 없습니다.","2","7","9","위험","위험","거래","일치"
"9791195072644","링크드데이터 (Linked Data)","링크드데이터 (Linked Data) (B182)","도서출판 공존의 미학","21000","B182","B동 1번 라인, 앞에서 8번째, 2층","0","0","0","0재고","","거래","일치"
"9791195098231","대한민국 재벌과 권력","대한민국 재벌과 권력","지식공방","17000","","위치 정보가 없습니다.","0","0","0","0재고","","거래","일치"
"","반품 (폐기및 중지도서)","반품 (폐기및 중지도서)","별글","0","","위치 정보가 없습니다.","0","2","2","위험","위험","거래","일치"
"9791188075003","하루10분 태교잠언쓰기 (Ab23)","하루10분 태교잠언쓰기 (Ab23)","글상자","11000","","위치 정보가 없습니다.","92","0","92","","","거래","일치"
"9791195787173","로봇큐로와 별별과학 ②지하 비밀조직과 황금별","로봇큐로와 별별과학  ②지하 비밀조직과 황금별 (A252)","나는별","10000","A252","A동 2번 라인, 앞에서 5번째, 2층","187","0","187","","","거래","일치"
"9788995113554","지하경제와 자본주의","지하경제와 자본주의 (B161)","도서출판 화림원","15000","B161","B동 1번 라인, 앞에서 6번째, 1층","389","16","405","","","거래","일치"
"","본사일괄반품도서","본사일괄반품도서","좋은나무성품학교","0","","위치 정보가 없습니다.","0","0","0","0재고","","거래","일치"
"9791188075072","자존감 노트 (Ab23)","자존감 노트 (Ab23)","글상자","13000","","위치 정보가 없습니다.","50","0","50","위험","위험","거래","일치"
"9791195570515","시작하자! C++17 프로그래밍","시작하자! C++17 프로그래밍 (B531)","(주)투에이치앤에스","26000","B531","B동 5번 라인, 앞에서 3번째, 1층","39","2","41","위험","위험","거래","일치"
"9791196009403","대한민국은 왜 대통령다운 대통령을 뽑지 못하는가?","대한민국은 왜 대통령다운 대통령을 뽑지 못하는가? (B442)","슬로디미디어","15000","B442","B동 4번 라인, 앞에서 4번째, 2층","12","0","12","위험","위험","거래","일치"
"9788944490484","해양과학총서 8.2판 (해양바이오) (Ab33)","해양과학총서 8.2판 (해양바이오) (Ab33)","계백북스","18000","","위치 정보가 없습니다.","741","6","747","","","거래","일치"
"9791188008001","울지않는 소년(사인본)","울지않는 소년(사인본) (B412)","빈퍼블리시","12500","B412","B동 4번 라인, 앞에서 1번째, 2층","0","0","0","0재고","","거래","일치"
"9791188008001","울지않는 소년","울지않는 소년 (B413)","빈퍼블리시","12500","B413","B동 4번 라인, 앞에서 1번째, 3층","0","0","0","0재고","","거래","일치"
"9791186877333","가끔은 혼자이고 싶은 너에게","가끔은 혼자이고 싶은 너에게 (B542)","별글","13800","B542","B동 5번 라인, 앞에서 4번째, 2층","628","0","628","","","거래","일치"
"9788993409123","대화리더가 되게하는 지식&이슈 상식 330","대화리더가 되게하는 지식&이슈 상식 330","북네스트(book-nest)","16000","","위치 정보가 없습니다.","0","2","2","위험","위험","거래","일치"
"9791187642015","남자아이 10살까지 키우기","남자아이 10살까지 키우기 (A141)","우리교과서","14000","A141","A동 1번 라인, 앞에서 4번째, 1층","1","0","1","위험","위험","거래","일치"
"9791186945070","진로독서를위한 10분 책읽기-인물편 (Bb11)","진로독서를위한 10분 책읽기-인물편 (Bb11)","(주) 엘코케이- 라온북스","15000","","위치 정보가 없습니다.","147","0","147","","","거래","일치"
"","한국무교회집회기 2","한국무교회집회기 2","도서출판 익두스","0","","위치 정보가 없습니다.","21","0","21","위험","위험","거래","일치"
"","한국무교회집회기 1","한국무교회집회기 1","도서출판 익두스","0","","위치 정보가 없습니다.","15","0","15","위험","위험","거래","일치"
"9791186877326","1분 상식 사전","1분 상식 사전 (B543)","별글","13000","B543","B동 5번 라인, 앞에서 4번째, 3층","642","1","643","","","거래","일치"
"9788994807546","서정시선 7","서정시선 7 (B132)","도서출판 서정문학","10000","B132","B동 1번 라인, 앞에서 3번째, 2층","34","0","34","위험","위험","거래","일치"
"9791195741090","금보다 더 귀한것","금보다 더 귀한것 (B112)","국민북스","14000","B112","B동 1번 라인, 앞에서 1번째, 2층","5","0","5","위험","위험","거래","일치"
"9788998185923","[2017]전산회계 및 FAT 이론2급","[2017]전산회계 및 FAT 이론2급","파스칼미디어","15000","","위치 정보가 없습니다.","11","0","11","위험","위험","거래","일치"
"9791187420064","행복은 온다","행복은 온다","도서명문","13000","","위치 정보가 없습니다.","0","11","11","위험","위험","거래","일치"
"9791195860302","하늘아빠의 편지 (Aa42)","하늘아빠의 편지 (Aa42)","좋은나무성품학교","7700","","위치 정보가 없습니다.","25","0","25","위험","위험","거래","일치"
"9791195607532","보통의 하루 한 장의 손글씨 (Aa53)","보통의 하루  한 장의 손글씨 (Aa53)","보통의 나날","15000","","위치 정보가 없습니다.","0","0","0","0재고","","거래","일치"
"","보통의 하루 한 장의 손글씨(부록포함)","보통의 하루  한 장의 손글씨(부록포함)","보통의 나날","15000","","위치 정보가 없습니다.","0","0","0","0재고","","거래","일치"
"","보통의 하루, 한 장의 손글씨 다이어리(중철)","보통의 하루, 한 장의 손글씨 다이어리(중철)","보통의 나날","0","","위치 정보가 없습니다.","0","0","0","0재고","","거래","일치"
"9791195741083","그힘 사용설명서","그힘 사용설명서 (B112)","국민북스","13000","B112","B동 1번 라인, 앞에서 1번째, 2층","4","3","7","위험","위험","거래","일치"
"9788997933204","저절로 유아수학 1-3권 3권세트","저절로 유아수학 1-3권 3권세트 (B212)","한봄","24000","B212","B동 2번 라인, 앞에서 1번째, 2층","224","0","224","","","거래","일치"
"9788997933198","저절로 유아수학 -3 (두 자리 수의 덧셈 뺄셈)","저절로 유아수학 -3 (두 자리 수의 덧셈 뺄셈) (B213)","한봄","8500","B213","B동 2번 라인, 앞에서 1번째, 3층","576","1","577","","","거래","일치"
"9788997933181","저절로 유아수학 -2 (한자리 수의 덧셈 뺄셈)","저절로 유아수학 -2 (한자리 수의 덧셈 뺄셈) (B213)","한봄","8500","B213","B동 2번 라인, 앞에서 1번째, 3층","0","0","0","0재고","","거래","일치"
"9788994807522","하나, 둘, 셋","하나, 둘, 셋 (B133)","도서출판 서정문학","10000","B133","B동 1번 라인, 앞에서 3번째, 3층","11","0","11","위험","위험","거래","일치"
"9788994807539","손가락 너어는 아이","손가락 너어는 아이 (B132)","도서출판 서정문학","10000","B132","B동 1번 라인, 앞에서 3번째, 2층","9","3","12","위험","위험","거래","일치"
"9788995195123","멜로디 인 송라이팅","멜로디 인 송라이팅","현율음악","24000","","위치 정보가 없습니다.","0","0","0","0재고","","거래","일치"
"9788995195161","더 째즈 피아노 북","더 째즈 피아노 북","현율음악","34000","","위치 정보가 없습니다.","0","5","5","위험","위험","거래","일치"
"9788995195147","익스플로잉 째즈피아노-1","익스플로잉 째즈피아노-1","현율음악","36000","","위치 정보가 없습니다.","0","0","0","0재고","","거래","일치"
"9788995195178","송라이터스 웤샵-멜로디편","송라이터스 웤샵-멜로디편","현율음악","32000","","위치 정보가 없습니다.","0","0","0","0재고","","거래","일치"
"9788995195185","송라이터스 웤샵-하모니편","송라이터스 웤샵-하모니편","현율음악","32000","","위치 정보가 없습니다.","0","0","0","0재고","","거래","일치"
"9788995195109","째즈 하모니 1+2 (Bc1)","째즈 하모니 1+2 (Bc1)","현율음악","28000","","위치 정보가 없습니다.","316","33","349","","","거래","일치"
"9791187384038","마법의 손뜨개인형 아미구루미","마법의 손뜨개인형 아미구루미 (B222)","도림북스","16000","B222","B동 2번 라인, 앞에서 2번째, 2층","773","2","775","","","거래","일치"
"","마법의 손뜨개 인형 아미구루미 해피 원터 이벤트(사은품)","마법의 손뜨개 인형 아미구루미 해피 원터 이벤트(사은품)","도림북스","0","","위치 정보가 없습니다.","0","0","0","0재고","","거래","일치"
"9791195741076","21일 동행기도 (B124b3)","21일 동행기도 (B124b3)","국민북스","12000","","위치 정보가 없습니다.","205","8","213","","","거래","일치"
"","신)김교신일보","신)김교신일보","도서출판 익두스","16000","","위치 정보가 없습니다.","6","0","6","위험","위험","거래","일치"
"9791187436041","인생을바꾼 위대한 명언","인생을바꾼 위대한 명언 (A351)","나무북스","11000","A351","A동 3번 라인, 앞에서 5번째, 1층","39","4","43","위험","위험","거래","일치"
"9788994807515","초록빛연가","초록빛연가","도서출판 서정문학","9000","","위치 정보가 없습니다.","3","3","6","위험","위험","거래","일치"
"9791195547968","위대한결정","위대한결정 (B442)","슬로디미디어","15000","B442","B동 4번 라인, 앞에서 4번째, 2층","54","0","54","","","거래","일치"
"9791195787142","지구촌 노래 그림책","지구촌 노래 그림책 (A252)","나는별","13500","A252","A동 2번 라인, 앞에서 5번째, 2층","430","0","430","","","거래","일치"
"9791186877302","모두모두 고마워","모두모두 고마워 (B543)","별글","12000","B543","B동 5번 라인, 앞에서 4번째, 3층","63","0","63","","","거래","일치"
"9791195539833","내 안의 나는 무지 예쁘다.","내 안의 나는 무지 예쁘다.","화인아츠출판","12000","","위치 정보가 없습니다.","0","0","0","0재고","","거래","일치"
"9791195741069","갈망","갈망 (B123)","국민북스","13000","B123","B동 1번 라인, 앞에서 2번째, 3층","17","5","22","위험","위험","거래","일치"
"9791195902309","정조. 박제가. 박지원. 박정희","정조. 박제가. 박지원. 박정희","매홀북스","15000","","위치 정보가 없습니다.","0","0","0","0재고","","거래","일치"
"9791195547944","스타일 스위칭","스타일 스위칭 (B422)","슬로디미디어","15000","B422","B동 4번 라인, 앞에서 2번째, 2층","52","0","52","","","거래","일치"
"","임신 태교출산 축하 선물세트 (3권)","임신 태교출산 축하 선물세트 (3권)","한봄","31500","","위치 정보가 없습니다.","0","0","0","0재고","","거래","일치"
"9791187528005","보톨리늄 톡신 & 필러","보톨리늄 톡신 & 필러 (B173)","제이앤제이","250000","B173","B동 1번 라인, 앞에서 7번째, 3층","459","8","467","","","거래","일치"
"9791195787135","우리 역사 노래 그림책","우리 역사 노래 그림책 (A231)","나는별","13500","A231","A동 2번 라인, 앞에서 3번째, 1층","778","0","778","","","거래","일치"
"9791187384021","수호비의 폴리머클레이","수호비의 폴리머클레이 (B223)","도림북스","18000","B223","B동 2번 라인, 앞에서 2번째, 3층","841","3","844","","","거래","일치"
"","퇴계에게 배우는 행복 나답게(Aa15)","퇴계에게 배우는 행복 나답게(Aa15)","인포그룹 느루","10000","","위치 정보가 없습니다.","585","0","585","","","거래","일치"
"9791186777015","통, 한국교회사","통, 한국교회사","도서출판 익두스","14000","","위치 정보가 없습니다.","0","3","3","위험","위험","거래","일치"
"9791186877272","말만하는 부모, 상처받는 아이","말만하는 부모, 상처받는 아이","별글","14000","","위치 정보가 없습니다.","1209","0","1209","","","거래","일치"
"9788964037652","거미의 특별한 초대 (Aa43)","거미의 특별한 초대 (Aa43)","좋은나무성품학교","10000","","위치 정보가 없습니다.","32","0","32","위험","위험","거래","일치"
"9788994807508","햇살 등뒤로 숨은 웃음","햇살 등뒤로 숨은 웃음 (B133)","도서출판 서정문학","10000","B133","B동 1번 라인, 앞에서 3번째, 3층","5","2","7","위험","위험","거래","일치"
"9791195041640","핸드메이드 선물공예","핸드메이드 선물공예 (A352)","씨이오메이커","18000","A352","A동 3번 라인, 앞에서 5번째, 2층","404","0","404","","","거래","일치"
"9791195363346","팀오브팀스","팀오브팀스 (B432)","이노다임북스","23500","B432","B동 4번 라인, 앞에서 3번째, 2층","0","0","0","0재고","","거래","일치"
"9791187436010","(양장) 성공, 목표에 집중하라","(양장) 성공, 목표에 집중하라 (A351)","나무북스","11000","A351","A동 3번 라인, 앞에서 5번째, 1층","1","31","32","위험","위험","거래","일치"
"9788994807492","풀잎에 스미는 초록빗방울","풀잎에 스미는 초록빗방울","도서출판 서정문학","10000","","위치 정보가 없습니다.","0","8","8","위험","위험","거래","일치"
"9788964037027","TAPE 요법카드 (Aa33)","TAPE 요법카드 (Aa33)","좋은나무성품학교","32000","","위치 정보가 없습니다.","3","0","3","위험","위험","거래","일치"
"9791188125074","(개정판)인생, 너무 어렵게 살지마세요","(개정판)인생, 너무 어렵게 살지마세요","국민북스","15000","","위치 정보가 없습니다.","0","17","17","위험","위험","거래","일치"
"9791186877265","바로잡은 주역","바로잡은 주역 (B533)","별글","12000","B533","B동 5번 라인, 앞에서 3번째, 3층","195","0","195","","","거래","일치"
"9791195547920","강아지와 나의 10가지 약속","강아지와 나의 10가지 약속 (B442)","슬로디미디어","13000","B442","B동 4번 라인, 앞에서 4번째, 2층","0","0","0","0재고","","거래","일치"
"9791195741045","수험생을위한 100일 기도문","수험생을위한 100일 기도문","국민북스","12000","","위치 정보가 없습니다.","331","75","406","","","거래","일치"
"9788993409116","엄마, 글로벌이 뭐예요?","엄마, 글로벌이 뭐예요? (B233)","북네스트(book-nest)","11000","B233","B동 2번 라인, 앞에서 3번째, 3층","1","8","9","위험","위험","거래","일치"
"9791195787128","인체야, 진실을 말해줘!","인체야, 진실을 말해줘! (A231)","나는별","12000","A231","A동 2번 라인, 앞에서 3번째, 1층","0","0","0","0재고","","거래","일치"
"9788995807408","내몸을 바꾸는 스피루리나","내몸을 바꾸는 스피루리나","북네스트(book-nest)","9800","","위치 정보가 없습니다.","1","0","1","위험","위험","거래","일치"
"9788995807422","60세에 떠난 세계여행기","60세에 떠난 세계여행기","북네스트(book-nest)","10000","","위치 정보가 없습니다.","0","0","0","0재고","","거래","일치"
"9788995807453","주머니속 그리스신화","주머니속 그리스신화 (B242)","북네스트(book-nest)","9000","B242","B동 2번 라인, 앞에서 4번째, 2층","7","0","7","위험","위험","거래","일치"
"9788993409062","동행","동행 (B242)","북네스트(book-nest)","14000","B242","B동 2번 라인, 앞에서 4번째, 2층","32","0","32","위험","위험","거래","일치"
"9791187384014","냠냠학개론","냠냠학개론 (B233)","도림북스","22000","B233","B동 2번 라인, 앞에서 3번째, 3층","86","0","86","","","거래","일치"
"9791195098224","신이 선물한 자연치유 80","신이 선물한 자연치유 80","지식공방","19000","","위치 정보가 없습니다.","0","0","0","0재고","","거래","일치"
"","반품및절판도서용코드","반품및절판도서용코드","북네스트(book-nest)","0","","위치 정보가 없습니다.","0","0","0","0재고","","거래","일치"
"","영어탈피 라이브 영어회화 EP4","영어탈피 라이브 영어회화 EP4","(주)우공이산","12000","","위치 정보가 없습니다.","0","0","0","0재고","","거래","일치"
"","영어탈피 라이브 영어회화 EP3","영어탈피 라이브 영어회화 EP3","(주)우공이산","12000","","위치 정보가 없습니다.","0","0","0","0재고","","거래","일치"
"","영어탈피 라이브 영어회화 EP2","영어탈피 라이브 영어회화 EP2","(주)우공이산","12000","","위치 정보가 없습니다.","0","0","0","0재고","","거래","일치"
"","영어탈피 라이브 영어회화 EP1","영어탈피 라이브 영어회화 EP1","(주)우공이산","12000","","위치 정보가 없습니다.","0","0","0","0재고","","거래","일치"
"9791195741014","쓰기치유","쓰기치유 (B111)","국민북스","14000","B111","B동 1번 라인, 앞에서 1번째, 1층","310","1","311","","","거래","일치"
"9791195779413","ZBrush와 3D프린터","ZBrush와 3D프린터","ㅅ (시옷) 출판사","35000","","위치 정보가 없습니다.","0","0","0","0재고","","거래","일치"
"9791186777008","NEW SAT 대비 미국 교고수학시리즈 Geometry","NEW SAT 대비 미국 교고수학시리즈 Geometry","도서출판 익두스","44000","","위치 정보가 없습니다.","0","10","10","위험","위험","거래","일치"
"9788964037010","꿈꾸는 돌멩이(Aa24)","꿈꾸는 돌멩이(Aa24)","좋은나무성품학교","10000","","위치 정보가 없습니다.","0","0","0","0재고","","거래","일치"
"9788964036709","이제는 성품입니다. (Aa41)","이제는 성품입니다. (Aa41)","좋은나무성품학교","10000","","위치 정보가 없습니다.","28","0","28","위험","위험","거래","일치"
"9788994807461","파도야, 느가 말허라!","파도야, 느가 말허라! (B133)","도서출판 서정문학","10000","B133","B동 1번 라인, 앞에서 3번째, 3층","2","1","3","위험","위험","거래","일치"
"9791195554911","출판의 미래","출판의 미래 (B154)","오르트","15000","B154","B동 1번 라인, 앞에서 5번째, 4층","1","0","1","위험","위험","거래","일치"
"9791195554904","우주레시피","우주레시피 (B153)","오르트","16000","B153","B동 1번 라인, 앞에서 5번째, 3층","596","0","596","","","거래","일치"
"9791195741038","인도하심","인도하심","국민북스","15000","","위치 정보가 없습니다.","0","0","0","0재고","","거래","일치"
"9788993409109","아빠, 글쓰기 좀 가르쳐 주세요","아빠, 글쓰기 좀 가르쳐 주세요","북네스트(book-nest)","12000","","위치 정보가 없습니다.","0","3","3","위험","위험","거래","일치"
"9791187384007","오늘은 매듭 팔찌","오늘은 매듭 팔찌 (B223)","도림북스","12000","B223","B동 2번 라인, 앞에서 2번째, 3층","47","0","47","위험","위험","거래","일치"
"9791186877234","라오스가 좋아","라오스가 좋아 (B533)","별글","15000","B533","B동 5번 라인, 앞에서 3번째, 3층","962","0","962","","","거래","일치"
"","수호비의 폴리머클레이 (도트봉)","수호비의 폴리머클레이 (도트봉)","도림북스","0","","위치 정보가 없습니다.","0","0","0","0재고","","거래","일치"
"9791186945063","친구에게 자랑하고싶은 신기한 종이 퍼즐-2단계","친구에게 자랑하고싶은 신기한 종이 퍼즐-2단계 (B513)","(주) 엘코케이- 라온북스","14000","B513","B동 5번 라인, 앞에서 1번째, 3층","1131","0","1131","","","거래","일치"
"9791195741021","영실이 키우기","영실이 키우기 (B121)","국민북스","14000","B121","B동 1번 라인, 앞에서 2번째, 1층","52","2","54","","","거래","일치"
"9791195363339","퍼스널 브랜딩","퍼스널 브랜딩 (B432)","이노다임북스","13500","B432","B동 4번 라인, 앞에서 3번째, 2층","0","0","0","0재고","","거래","일치"
"9788964037133","성품놀이 (Aa23)","성품놀이 (Aa23)","좋은나무성품학교","15800","","위치 정보가 없습니다.","36","0","36","위험","위험","거래","일치"
"9791195779406","아트토이 모델링 테크닉","아트토이 모델링 테크닉","ㅅ (시옷) 출판사","27000","","위치 정보가 없습니다.","0","0","0","0재고","","거래","일치"
"9791195741007","조지 뮬러처럼","조지 뮬러처럼 (B111)","국민북스","10000","B111","B동 1번 라인, 앞에서 1번째, 1층","745","2","747","","","거래","일치"
"9788964036242","SET6) 귀를 쫑긋쫑긋 (Aa33)","SET6) 귀를 쫑긋쫑긋 (Aa33)","좋은나무성품학교","10000","","위치 정보가 없습니다.","4","0","4","위험","위험","거래","일치"
"9788964036259","SET5) 언제나 긍정적으로! (Aa33)","SET5) 언제나 긍정적으로! (Aa33)","좋은나무성품학교","10000","","위치 정보가 없습니다.","90","0","90","","","거래","일치"
"9788964036266","SET4) 나는 소중해요 (Aa33)","SET4) 나는 소중해요 (Aa33)","좋은나무성품학교","10000","","위치 정보가 없습니다.","0","0","0","0재고","","거래","일치"
"9788964036297","재정가) STOP 멈추고 좋은말로 해요 (Aa33)","재정가) STOP 멈추고 좋은말로 해요 (Aa33)","좋은나무성품학교","10000","","위치 정보가 없습니다.","20","1","21","위험","위험","거래","일치"
"9791195111862","왕리카이, 나는 크라운 앰배서더다!","왕리카이, 나는 크라운 앰배서더다! (A341)","나무북스","11000","A341","A동 3번 라인, 앞에서 4번째, 1층","0","0","0","0재고","","거래","일치"
"","반품","반품","우리교과서","0","","위치 정보가 없습니다.","0","0","0","0재고","","거래","일치"
"9788964036396","세상에서 가장 소중한 나! (Aa43)","세상에서 가장 소중한 나! (Aa43)","좋은나무성품학교","12000","","위치 정보가 없습니다.","56","0","56","","","거래","일치"
"9791195429134","꿈을 이루는 밥짓기 (Aa63)","꿈을 이루는 밥짓기 (Aa63)","아이들은자연이다","12000","","위치 정보가 없습니다.","1015","0","1015","","","거래","일치"
"9788997933167","저절로 유아수학 -1 (0~100 숫자쓰기)","저절로 유아수학 -1 (0~100 숫자쓰기) (B213)","한봄","8500","B213","B동 2번 라인, 앞에서 1번째, 3층","0","4","4","위험","위험","거래","일치"
"9791195574773","에도쿠 퍼즐농장 (Ab34)","에도쿠 퍼즐농장 (Ab34)","글상자","9800","","위치 정보가 없습니다.","42","0","42","위험","위험","거래","일치"
"9788992064248","연어의 꿈","연어의 꿈","좋은나무성품학교","7200","","위치 정보가 없습니다.","0","0","0","0재고","","거래","일치"
"9788992064347","인내가 왜 좋아요 (Aa43)","인내가 왜 좋아요 (Aa43)","좋은나무성품학교","7200","","위치 정보가 없습니다.","30","0","30","위험","위험","거래","일치"
"9791158470333","한국형 12성품 척도 개발 연구 (Aa34)","한국형 12성품 척도 개발 연구 (Aa34)","좋은나무성품학교","22000","","위치 정보가 없습니다.","39","0","39","위험","위험","거래","일치"
"9788964036310","0~3세 교육 평생간다 (Aa34)","0~3세 교육 평생간다 (Aa34)","좋은나무성품학교","22000","","위치 정보가 없습니다.","20","0","20","위험","위험","거래","일치"
"9788995752579","당나귀의 편지 (Aa33)","당나귀의 편지 (Aa33)","좋은나무성품학교","6500","","위치 정보가 없습니다.","0","0","0","0재고","","거래","일치"
"9788964036303","당나귀 덩키의 경청 (Aa43)","당나귀 덩키의 경청 (Aa43)","좋은나무성품학교","10000","","위치 정보가 없습니다.","37","0","37","위험","위험","거래","일치"
"9791195348695","효모로 빵 만들기","효모로 빵 만들기 (B221)","도림북스","18000","B221","B동 2번 라인, 앞에서 2번째, 1층","435","5","440","","","거래","일치"
"9788986755633","탈무드 처세집","탈무드 처세집 (B171)","도서출판 하늘마루","12000","B171","B동 1번 라인, 앞에서 7번째, 1층","41","4","45","위험","위험","거래","일치"
"9788986755626","탈무드 잠언집","탈무드 잠언집 (B171)","도서출판 하늘마루","12000","B171","B동 1번 라인, 앞에서 7번째, 1층","36","4","40","위험","위험","거래","일치"
"9788998185848","[2017] 대입수능 상업경제","[2017] 대입수능 상업경제 (B311)","파스칼미디어","13000","B311","B동 3번 라인, 앞에서 1번째, 1층","10","0","10","위험","위험","거래","일치"
"9788998185831","[2017] 대입수능 회계원리","[2017] 대입수능 회계원리 (B311)","파스칼미디어","13000","B311","B동 3번 라인, 앞에서 1번째, 1층","9","0","9","위험","위험","거래","일치"
"9788964031896","한국형 12성품교육론 (Aa41)","한국형 12성품교육론 (Aa41)","좋은나무성품학교","21000","","위치 정보가 없습니다.","12","0","12","위험","위험","거래","일치"
"9788964032381","성품, 향기되어 날다 (Aa34)","성품, 향기되어 날다 (Aa34)","좋은나무성품학교","14000","","위치 정보가 없습니다.","29","0","29","위험","위험","거래","일치"
"9791186877180","지적 대화를위한 넓은 상식사전","지적 대화를위한 넓은 상식사전 (B674)","별글","14000","B674","B동 6번 라인, 앞에서 7번째, 4층","23","0","23","위험","위험","거래","일치"
"9791195380190","공룡아, 진실을 말해줘!","공룡아, 진실을 말해줘! (A252)","나는별","12000","A252","A동 2번 라인, 앞에서 5번째, 2층","894","0","894","","","거래","일치"
"9788964036099","성품동화 [지혜] 지혜로운 몽스 (Aa43)","성품동화 [지혜] 지혜로운 몽스 (Aa43)","좋은나무성품학교","10000","","위치 정보가 없습니다.","41","0","41","위험","위험","거래","일치"
"9788964035719","성품동화 [정직] 어니에게 일어난 일 (Aa43)","성품동화 [정직] 어니에게 일어난 일 (Aa43)","좋은나무성품학교","10000","","위치 정보가 없습니다.","40","0","40","위험","위험","거래","일치"
"9788964036532","나 시리즈 3 [내 애기를 들어봐](Aa24)","나 시리즈 3 [내 애기를 들어봐](Aa24)","좋은나무성품학교","12000","","위치 정보가 없습니다.","29","0","29","위험","위험","거래","일치"
"9788964034743","[성경동화] 책임감의 왕비, 에스더 (Aa42)","[성경동화] 책임감의 왕비, 에스더 (Aa42)","좋은나무성품학교","10000","","위치 정보가 없습니다.","29","0","29","위험","위험","거래","일치"
"9788964034217","[성격동화] 베드로의 순종 (Aa42)","[성격동화] 베드로의 순종 (Aa42)","좋은나무성품학교","10000","","위치 정보가 없습니다.","21","0","21","위험","위험","거래","일치"
"9788964034224","[성경동화] 인내로 얻은 축복 (Aa42)","[성경동화] 인내로 얻은 축복 (Aa42)","좋은나무성품학교","10000","","위치 정보가 없습니다.","27","0","27","위험","위험","거래","일치"
"9791185216768","나 시리즈 2 [나는 내가 정말 좋아요] (Aa42)","나 시리즈 2 [나는 내가 정말 좋아요] (Aa42)","좋은나무성품학교","12000","","위치 정보가 없습니다.","0","0","0","0재고","","거래","일치"
"9788964030967","성품 뮤지컬 스토리북(영어동화) (Aa43)","성품 뮤지컬 스토리북(영어동화) (Aa43)","좋은나무성품학교","80000","","위치 정보가 없습니다.","20","0","20","위험","위험","거래","일치"
"9788964036549","나 시리즈 1 [사랑하는 아이야 난 네가 참 좋단다] (Aa32)","나 시리즈 1 [사랑하는 아이야 난 네가 참 좋단다] (Aa32)","좋은나무성품학교","12000","","위치 정보가 없습니다.","24","1","25","위험","위험","거래","일치"
"9788964032541","아솝우화 [책임감] 당나귀와 가마니(CD포함) (Aa44)","아솝우화 [책임감] 당나귀와 가마니(CD포함) (Aa44)","좋은나무성품학교","15000","","위치 정보가 없습니다.","50","0","50","위험","위험","거래","일치"
"9788964035535","아솝우화 [지혜] 삼년고개(CD포함) (Aa44)","아솝우화 [지혜] 삼년고개(CD포함) (Aa44)","좋은나무성품학교","15000","","위치 정보가 없습니다.","38","0","38","위험","위험","거래","일치"
"9788964035399","아솝우화 [정직] 정직한 나무꾼(CD포함) (Aa44)","아솝우화 [정직] 정직한 나무꾼(CD포함) (Aa44)","좋은나무성품학교","15000","","위치 정보가 없습니다.","40","0","40","위험","위험","거래","일치"
"9788964035528","아솝우화 [창의성] 여우와물병(CD포함) (Aa44)","아솝우화 [창의성] 여우와물병(CD포함) (Aa44)","좋은나무성품학교","15000","","위치 정보가 없습니다.","43","0","43","위험","위험","거래","일치"
"9788964035399","아솝우화 [절제] 욕심많은강아지(CD포함) (Aa44)","아솝우화 [절제] 욕심많은강아지(CD포함) (Aa44)","좋은나무성품학교","15000","","위치 정보가 없습니다.","51","0","51","","","거래","일치"
"9788964032497","아솝우화 [인내] 토끼와거북이(CD포함) (Aa44)","아솝우화 [인내] 토끼와거북이(CD포함) (Aa44)","좋은나무성품학교","15000","","위치 정보가 없습니다.","23","0","23","위험","위험","거래","일치"
"9791163200086","성품동화 [배려] 출동! 배려맨 (Aa42)","성품동화 [배려] 출동! 배려맨 (Aa42)","좋은나무성품학교","10000","","위치 정보가 없습니다.","35","0","35","위험","위험","거래","일치"
"9788964033265","이영숙 박사의 성품대화법[도서] (Aa34)","이영숙 박사의 성품대화법[도서] (Aa34)","좋은나무성품학교","14000","","위치 정보가 없습니다.","46","0","46","위험","위험","거래","일치"
"9788964033203","[도서] 성품 ON (Aa24)","[도서] 성품 ON (Aa24)","좋은나무성품학교","17500","","위치 정보가 없습니다.","47","0","47","위험","위험","거래","일치"
"9788964033029","인성을 가르치는 학교만들기 [도서] (Aa32)","인성을 가르치는 학교만들기 [도서] (Aa32)","좋은나무성품학교","23000","","위치 정보가 없습니다.","46","0","46","위험","위험","거래","일치"
"9788964033814","성품동화 [순종] 아기 낙타, 카멜이 사라졌다! (Aa43)","성품동화 [순종] 아기 낙타, 카멜이 사라졌다! (Aa43)","좋은나무성품학교","10000","","위치 정보가 없습니다.","36","0","36","위험","위험","거래","일치"
"9788992064118","성품동화 [기쁨] 아기수달의 기쁨","성품동화 [기쁨] 아기수달의 기쁨","좋은나무성품학교","10000","","위치 정보가 없습니다.","0","0","0","0재고","","거래","일치"
"9788964035733","좋은성품위인카드(Aa24)","좋은성품위인카드(Aa24)","좋은나무성품학교","13800","","위치 정보가 없습니다.","34","0","34","위험","위험","거래","일치"
"9791186877197","그래 떠나 안도현처럼","그래 떠나 안도현처럼 (B533)","별글","15000","B533","B동 5번 라인, 앞에서 3번째, 3층","271","0","271","","","거래","일치"
"9791185858081","당신은 아직 걷지않았다","당신은 아직 걷지않았다","빈퍼블리시","13000","","위치 정보가 없습니다.","0","0","0","0재고","","거래","일치"
"9791195539826","넓고 얕은 철학 이야기45","넓고 얕은 철학 이야기45","화인아츠출판","12000","","위치 정보가 없습니다.","0","0","0","0재고","","거래","일치"
"","쑥쑥골프(Joyful 싱글로가는)","쑥쑥골프(Joyful 싱글로가는)","중앙미디어디자인(주)","8000","","위치 정보가 없습니다.","0","0","0","0재고","","거래","일치"
"","반품코드","반품코드","케이에스에스출판","0","","위치 정보가 없습니다.","0","0","0","0재고","","거래","일치"
"9791195570508","안드로이드 미디어 프로그래밍","안드로이드 미디어 프로그래밍 (B531)","(주)투에이치앤에스","34000","B531","B동 5번 라인, 앞에서 3번째, 1층","220","4","224","","","거래","일치"
"9791186877111","오늘 사랑을 쓰다","오늘 사랑을 쓰다 (B674)","별글","12000","B674","B동 6번 라인, 앞에서 7번째, 4층","1140","0","1140","","","거래","일치"
"9791186877098","참 좋은 날들","참 좋은 날들 (B533)","별글","13000","B533","B동 5번 라인, 앞에서 3번째, 3층","530","0","530","","","거래","일치"
"9791195574704","우리아이 색채심리 3권세트(동물,식물,곤충) (Ab23)","우리아이 색채심리 3권세트(동물,식물,곤충) (Ab23)","글상자","12000","","위치 정보가 없습니다.","4","0","4","위험","위험","거래","일치"
"","노니플라워 꽃패키지","노니플라워 꽃패키지","도림북스","50","","위치 정보가 없습니다.","0","0","0","0재고","","거래","일치"
"","그랑 리브르 드 퀴진 알랭뒤카스 에코백","그랑 리브르 드 퀴진 알랭뒤카스 에코백","도림북스","100","","위치 정보가 없습니다.","0","0","0","0재고","","거래","일치"
"9791195348671","노니 플라워 (Noni Flosers)","노니 플라워 (Noni Flosers) (B221)","도림북스","18000","B221","B동 2번 라인, 앞에서 2번째, 1층","66","0","66","","","거래","일치"
"9788994807447","한국대표서정시선 6","한국대표서정시선 6 (B132)","도서출판 서정문학","10000","B132","B동 1번 라인, 앞에서 3번째, 2층","7","1","8","위험","위험","거래","일치"
"9791195348688","그랑 리브로 드 퀴진","그랑 리브로 드 퀴진 (B233)","도림북스","100000","B233","B동 2번 라인, 앞에서 3번째, 3층","6","0","6","위험","위험","거래","일치"
"9791195574759","나를찾아 떠나는 여행, 퍼즐 컬러링북 (Ab24)","나를찾아 떠나는 여행, 퍼즐 컬러링북 (Ab24)","글상자","12000","","위치 정보가 없습니다.","49","0","49","위험","위험","거래","일치"
"9788997933143","저절로 한글쓰기 1-3권 3권세트","저절로 한글쓰기 1-3권 3권세트 (B212)","한봄","24000","B212","B동 2번 라인, 앞에서 1번째, 2층","78","2","80","","","거래","일치"
"","한글쓰기공책","한글쓰기공책","한봄","0","","위치 정보가 없습니다.","0","0","0","0재고","","거래","일치"
"9788997933136","한글쓰기-3 (헷갈리는 낱말)","한글쓰기-3 (헷갈리는 낱말) (B212)","한봄","8500","B212","B동 2번 라인, 앞에서 1번째, 2층","630","0","630","","","거래","일치"
"9791195380183","열까지세면 엄마가 올까?","열까지세면 엄마가 올까? (A251)","나는별","12000","A251","A동 2번 라인, 앞에서 5번째, 1층","0","2","2","위험","위험","거래","일치"
"9788994807430","책 한권","책 한권 (B133)","도서출판 서정문학","8000","B133","B동 1번 라인, 앞에서 3번째, 3층","4","0","4","위험","위험","거래","일치"
"9791195363322","학이시습지 기초생활한자","학이시습지 기초생활한자 (B432)","이노다임북스","11000","B432","B동 4번 라인, 앞에서 3번째, 2층","201","0","201","","","거래","일치"
"9788996459163","청춘 -김용태 리포트 4","청춘 -김용태 리포트 4","중앙미디어디자인(주)","15000","","위치 정보가 없습니다.","0","0","0","0재고","","거래","일치"
"9791195508174","진성리더십","진성리더십 (B513)","(주) 엘코케이- 라온북스","19000","B513","B동 5번 라인, 앞에서 1번째, 3층","409","4","413","","","거래","일치"
"9791195111848","리치 성공학","리치 성공학 (A351)","나무북스","10000","A351","A동 3번 라인, 앞에서 5번째, 1층","0","5","5","위험","위험","거래","일치"
"9791195574735","아이의 마음을 알 수 있는 곤충 컬러링 북 (Ab23)","아이의 마음을 알 수 있는 곤충 컬러링 북 (Ab23)","글상자","6000","","위치 정보가 없습니다.","13","0","13","위험","위험","거래","일치"
"9791195508150","친구에게 자랑하고싶은 신기한 종이 퍼즐-1단계","친구에게 자랑하고싶은 신기한 종이 퍼즐-1단계 (B513)","(주) 엘코케이- 라온북스","14000","B513","B동 5번 라인, 앞에서 1번째, 3층","443","1","444","","","거래","일치"
"9791195348664","손뜨개로 꾸미는 우리집","손뜨개로 꾸미는 우리집 (B223)","도림북스","16000","B223","B동 2번 라인, 앞에서 2번째, 3층","722","4","726","","","거래","일치"
"","반품코드 10000","반품코드 10000","도서출판 하늘마루","10000","","위치 정보가 없습니다.","0","8","8","위험","위험","거래","일치"
"","반품코드 - 1,000","반품코드 - 1,000","도서출판 동도원","1000","","위치 정보가 없습니다.","0","1","1","위험","위험","거래","일치"
"","반품코드 - 10,000","반품코드 - 10,000","도서출판 동도원","10000","","위치 정보가 없습니다.","0","0","0","0재고","","거래","일치"
"9791195380176","날씨야 진실을 말해줘!","날씨야 진실을 말해줘! (A231)","나는별","12000","A231","A동 2번 라인, 앞에서 3번째, 1층","30","0","30","위험","위험","거래","일치"
"9791195214396","마음 한 줄 쓰다.","마음 한 줄 쓰다. (B533)","별글","12000","B533","B동 5번 라인, 앞에서 3번째, 3층","980","0","980","","","거래","일치"
"9791195574742","생각을 쓰다","생각을 쓰다 (A323)","글상자","13000","A323","A동 3번 라인, 앞에서 2번째, 3층","50","0","50","위험","위험","거래","일치"
"9791195348657","프랑스 아기의 이유식은 다르다","프랑스 아기의 이유식은 다르다 (B223)","도림북스","16000","B223","B동 2번 라인, 앞에서 2번째, 3층","667","1","668","","","거래","일치"
"9791195041626","DIY 내 손으로 만드는 선물 이야기","DIY 내 손으로 만드는 선물 이야기","씨이오메이커","16000","","위치 정보가 없습니다.","0","0","0","0재고","","거래","일치"
"","플랜아이비 반품코드","플랜아이비 반품코드","㈜딥스프링스에듀케이션 구)이에프엠","49000","","위치 정보가 없습니다.","0","0","0","0재고","","거래","일치"
"9791195539819","졸라웃기는 책, 월척으로 사는법","졸라웃기는 책, 월척으로 사는법","화인아츠출판","12000","","위치 정보가 없습니다.","0","0","0","0재고","","거래","일치"
"9791195589609","파리, 기억을 잃다","파리, 기억을 잃다 (B671)","㈜딥스프링스에듀케이션 구)이에프엠","12000","B671","B동 6번 라인, 앞에서 7번째, 1층","33","0","33","위험","위험","거래","일치"
"9791195574711","아이의 마음을 알 수 있는 동물 컬러링 북 (Ab23)","아이의 마음을 알 수 있는 동물 컬러링 북 (Ab23)","글상자","6000","","위치 정보가 없습니다.","0","1","1","위험","위험","거래","일치"
"","반품코드 10000","반품코드 10000","계백북스","10000","","위치 정보가 없습니다.","0","8","8","위험","위험","거래","일치"
"9791195363315","애덤스미스 '인간의본질'","애덤스미스 '인간의본질' (B432)","이노다임북스","13000","B432","B동 4번 라인, 앞에서 3번째, 2층","0","0","0","0재고","","거래","일치"
"9791185858067","나의 빛나는 세계 - 3","나의 빛나는 세계 - 3 (B413)","빈퍼블리시","14500","B413","B동 4번 라인, 앞에서 1번째, 3층","0","0","0","0재고","","거래","일치"
"9791195539802","사랑의5계 (언제나 그리운 건 나였다)","사랑의5계 (언제나 그리운 건 나였다)","화인아츠출판","10000","","위치 정보가 없습니다.","0","0","0","0재고","","거래","일치"
"","플랜아이비 속지 - 반품코드","플랜아이비 속지 - 반품코드","㈜딥스프링스에듀케이션 구)이에프엠","26000","","위치 정보가 없습니다.","0","0","0","0재고","","거래","일치"
"9788996764298","안드로이드 통신+보안 프로그래밍 응용편","안드로이드 통신+보안 프로그래밍 응용편 (B531)","(주)투에이치앤에스","28000","B531","B동 5번 라인, 앞에서 3번째, 1층","177","7","184","","","거래","일치"
"9791195214358","essay S","essay S (B674)","별글","13000","B674","B동 6번 라인, 앞에서 7번째, 4층","506","0","506","","","거래","일치"
"9788996764281","안드로이드 통신+보안 프로그래밍 기초편","안드로이드 통신+보안 프로그래밍 기초편 (B531)","(주)투에이치앤에스","32000","B531","B동 5번 라인, 앞에서 3번째, 1층","99","6","105","","","거래","일치"
"9791195214327","내인생의 빛이되는 말 한마디","내인생의 빛이되는 말 한마디 (B673)","별글","12000","B673","B동 6번 라인, 앞에서 7번째, 3층","46","0","46","위험","위험","거래","일치"
"9791195214341","수작걸지마","수작걸지마 (B674)","별글","9800","B674","B동 6번 라인, 앞에서 7번째, 4층","251","0","251","","","거래","일치"
"9791195214310","내인생의 따뜻한 말 한마디","내인생의 따뜻한 말 한마디 (B673)","별글","12000","B673","B동 6번 라인, 앞에서 7번째, 3층","727","1","728","","","거래","일치"
"9791195214365","톨스토이처럼 생각하고 행동하라","톨스토이처럼 생각하고 행동하라 (B674)","별글","13000","B674","B동 6번 라인, 앞에서 7번째, 4층","136","0","136","","","거래","일치"
"9791195214372","오늘도 소중한 하루","오늘도 소중한 하루 (B674)","별글","13000","B674","B동 6번 라인, 앞에서 7번째, 4층","244","0","244","","","거래","일치"
"9791195546206","스페셜리스트 (The Specialists)","스페셜리스트 (The Specialists) (B671)","㈜딥스프링스에듀케이션 구)이에프엠","15000","B671","B동 6번 라인, 앞에서 7번째, 1층","164","0","164","","","거래","일치"
"9791195388004","영혼을 위한 닭고기 수프","영혼을 위한 닭고기 수프","㈜딥스프링스에듀케이션 구)이에프엠","18000","","위치 정보가 없습니다.","2","0","2","위험","위험","거래","일치"
"9788997881123","TOEFL REAL VOCAB 2400","TOEFL REAL VOCAB 2400","㈜딥스프링스에듀케이션 구)이에프엠","45000","","위치 정보가 없습니다.","0","0","0","0재고","","거래","일치"
"9788997881062","real SAT 어드미션 포스팅 2016","real SAT 어드미션 포스팅 2016 (B671)","㈜딥스프링스에듀케이션 구)이에프엠","45000","B671","B동 6번 라인, 앞에서 7번째, 1층","37","0","37","위험","위험","거래","일치"
"","real SAT 어드미션 포스팅(합본)","real SAT 어드미션 포스팅(합본)","㈜딥스프링스에듀케이션 구)이에프엠","63000","","위치 정보가 없습니다.","12","0","12","위험","위험","거래","일치"
"","real SAT 어드미션 포스팅 2015","real SAT 어드미션 포스팅 2015","㈜딥스프링스에듀케이션 구)이에프엠","38000","","위치 정보가 없습니다.","1","0","1","위험","위험","거래","일치"
"9788997881130","Real vocab 2400","Real vocab 2400 (B671)","㈜딥스프링스에듀케이션 구)이에프엠","45000","B671","B동 6번 라인, 앞에서 7번째, 1층","2","0","2","위험","위험","거래","일치"
"9788997933129","아기가 행복한 순간","아기가 행복한 순간 (B212)","한봄","9500","B212","B동 2번 라인, 앞에서 1번째, 2층","3","1","4","위험","위험","거래","일치"
"","학교생활필수법률 (Ab24)","학교생활필수법률 (Ab24)","계백북스","25000","","위치 정보가 없습니다.","1","0","1","위험","위험","거래","일치"
"9791195348640","손에서 피어나는 정교한 종이꽃","손에서 피어나는 정교한 종이꽃","도림북스","18000","","위치 정보가 없습니다.","1","1","2","위험","위험","거래","일치"
"9791195072637","디지털리터러시 툴북","디지털리터러시 툴북 (B182)","도서출판 공존의 미학","13000","B182","B동 1번 라인, 앞에서 8번째, 2층","0","0","0","0재고","","거래","일치"
"9791195098217","촌지","촌지","지식공방","13500","","위치 정보가 없습니다.","0","0","0","0재고","","거래","일치"
"9791195429127","하하하 호호호 장난감 가게 (Aa64)","하하하 호호호 장난감 가게 (Aa64)","아이들은자연이다","9900","","위치 정보가 없습니다.","266","1","267","","","거래","일치"
"9788996672388","SAT subject test MATH LEVEL2 (하늘)","SAT subject test MATH LEVEL2 (하늘)","도서출판 익두스","52000","","위치 정보가 없습니다.","0","3","3","위험","위험","거래","일치"
"9791195508112","IRP 개인형퇴직연금제도 사용설명서","IRP 개인형퇴직연금제도 사용설명서 (B513)","(주) 엘코케이- 라온북스","17000","B513","B동 5번 라인, 앞에서 1번째, 3층","14","0","14","위험","위험","거래","일치"
"","김교신 일보","김교신 일보","도서출판 익두스","16000","","위치 정보가 없습니다.","301","0","301","","","거래","일치"
"9791195508105","임원과 퇴직연금","임원과 퇴직연금 (B513)","(주) 엘코케이- 라온북스","17000","B513","B동 5번 라인, 앞에서 1번째, 3층","426","1","427","","","거래","일치"
"9788996750482","만화-향연상자","만화-향연상자 (B313)","빈퍼블리시","15000","B313","B동 3번 라인, 앞에서 1번째, 3층","0","0","0","0재고","","거래","일치"
"9791185858050","소설-향연상자","소설-향연상자 (B313)","빈퍼블리시","12000","B313","B동 3번 라인, 앞에서 1번째, 3층","0","0","0","0재고","","거래","일치"
"9791195041633","성공과 치유의 심리학 NLP","성공과 치유의 심리학 NLP (A342)","씨이오메이커","15000","A342","A동 3번 라인, 앞에서 4번째, 2층","0","0","0","0재고","","거래","일치"
"9791195380145","색깔찾아 서울가자!","색깔찾아 서울가자! (A111)","나는별","13500","A111","A동 1번 라인, 앞에서 1번째, 1층","223","0","223","","","거래","일치"
"9788994807423","달팽이 예찬","달팽이 예찬 (B133)","도서출판 서정문학","10000","B133","B동 1번 라인, 앞에서 3번째, 3층","3","0","3","위험","위험","거래","일치"
"","반품 전용코드","반품 전용코드","파스칼미디어","0","","위치 정보가 없습니다.","0","0","0","0재고","","거래","일치"
"9791195363308","제로창업","제로창업 (B423)","이노다임북스","14000","B423","B동 4번 라인, 앞에서 2번째, 3층","0","0","0","0재고","","거래","일치"
"9788994807416","행복가방의 여유공간","행복가방의 여유공간","도서출판 서정문학","10000","","위치 정보가 없습니다.","3","2","5","위험","위험","거래","일치"
"9788994807409","개팔자상팔자","개팔자상팔자 (B133)","도서출판 서정문학","10000","B133","B동 1번 라인, 앞에서 3번째, 3층","11","3","14","위험","위험","거래","일치"
"9791195348633","요리는 화학이다","요리는 화학이다 (B221)","도림북스","19500","B221","B동 2번 라인, 앞에서 2번째, 1층","3","6","9","위험","위험","거래","일치"
"9788997327157","데이터 통신 (Ab12)","데이터 통신 (Ab12)","계백북스","38000","","위치 정보가 없습니다.","497","1","498","","","거래","일치"
"","저절로 한글쓰기 1-2권 2권세트","저절로 한글쓰기 1-2권 2권세트","한봄","16000","","위치 정보가 없습니다.","0","0","0","0재고","","거래","일치"
"9788997933006","위대한 내 아이를 응원하는 애착태교 동화","위대한 내 아이를 응원하는 애착태교 동화 (B212)","한봄","10000","B212","B동 2번 라인, 앞에서 1번째, 2층","0","2","2","위험","위험","거래","일치"
"","오감자극 뇌 발달+애착 태교동화(셋트)","오감자극 뇌 발달+애착 태교동화(셋트)","한봄","22000","","위치 정보가 없습니다.","0","0","0","0재고","","거래","일치"
"9788997933013","오감자극 뇌 발달 태교동화","오감자극 뇌 발달 태교동화","한봄","12000","","위치 정보가 없습니다.","0","0","0","0재고","","거래","일치"
"9788997933044","초등 공부에 날개를 단다","초등 공부에 날개를 단다","한봄","14000","","위치 정보가 없습니다.","0","0","0","0재고","","거래","일치"
"9788997933037","아기 두뇌 발달을 위한 놀이코칭 0~3세 뇌발달..","아기 두뇌 발달을 위한 놀이코칭 0~3세 뇌발달.. (B212)","한봄","14800","B212","B동 2번 라인, 앞에서 1번째, 2층","0","6","6","위험","위험","거래","일치"
"9788997933099","한글쓰기-2(받침있는글자)","한글쓰기-2(받침있는글자) (B212)","한봄","8500","B212","B동 2번 라인, 앞에서 1번째, 2층","8","1","9","위험","위험","거래","일치"
"9788997933082","한글쓰기-1(받침없는글자)","한글쓰기-1(받침없는글자) (B212)","한봄","8500","B212","B동 2번 라인, 앞에서 1번째, 2층","35","1","36","위험","위험","거래","일치"
"9788994807393","하늘빛 연가","하늘빛 연가 (B132)","도서출판 서정문학","10000","B132","B동 1번 라인, 앞에서 3번째, 2층","1","0","1","위험","위험","거래","일치"
"9791195429110","아기 동물들이 봄날에-자연과 가까워지는 색칠 그림책 (Aa64)","아기 동물들이 봄날에-자연과 가까워지는 색칠 그림책 (Aa64)","아이들은자연이다","10500","","위치 정보가 없습니다.","239","0","239","","","거래","일치"
"9788996764274","객체지향원리로 배우는 안드로이드 프로그래밍","객체지향원리로 배우는 안드로이드 프로그래밍","(주)투에이치앤에스","40000","","위치 정보가 없습니다.","62","5","67","","","거래","일치"
"","반품용","반품용","도서출판 아이콘","1000","","위치 정보가 없습니다.","0","0","0","0재고","","거래","일치"
"9788997327140","Xcore 프로세서 프로그래밍 (Ab21)","Xcore 프로세서 프로그래밍 (Ab21)","계백북스","33000","","위치 정보가 없습니다.","147","3","150","","","거래","일치"
"9791185567105","무령군 유자광(비전북하우스) (Ab34)","무령군 유자광(비전북하우스) (Ab34)","계백북스","10000","","위치 정보가 없습니다.","81","2","83","","","거래","일치"
"9788996272670","교육과 혁신(비전북하우스) (Ab33)","교육과 혁신(비전북하우스) (Ab33)","계백북스","10000","","위치 정보가 없습니다.","70","0","70","","","거래","일치"
"9788993103397","만화 마시멜로 이야기 7 (Ab22)","만화 마시멜로 이야기 7 (Ab22)","계백북스","8800","","위치 정보가 없습니다.","0","0","0","0재고","","거래","일치"
"9788993103298","만화 마시멜로 이야기 6 (Ab22)","만화 마시멜로 이야기 6 (Ab22)","계백북스","8800","","위치 정보가 없습니다.","9","0","9","위험","위험","거래","일치"
"9788993103076","만화 마시멜로 이야기 5 (Ab22)","만화 마시멜로 이야기 5 (Ab22)","계백북스","8800","","위치 정보가 없습니다.","10","0","10","위험","위험","거래","일치"
"9788993103069","만화 마시멜로 이야기 4 (Ab22)","만화 마시멜로 이야기 4 (Ab22)","계백북스","8800","","위치 정보가 없습니다.","10","0","10","위험","위험","거래","일치"
"9788993103052","만화 마시멜로 이야기 3 (Ab22)","만화 마시멜로 이야기 3 (Ab22)","계백북스","8800","","위치 정보가 없습니다.","8","0","8","위험","위험","거래","일치"
"9788993103045","만화 마시멜로 이야기 2 (Ab22)","만화 마시멜로 이야기 2 (Ab22)","계백북스","8800","","위치 정보가 없습니다.","12","0","12","위험","위험","거래","일치"
"9788993103021","만화 마시멜로 이야기 1 (Ab22)","만화 마시멜로 이야기 1 (Ab22)","계백북스","8800","","위치 정보가 없습니다.","1","2","3","위험","위험","거래","일치"
"9788997327010","트랜드를 만드는 UV젤 마블링 네일아트 (Ab23)","트랜드를 만드는 UV젤 마블링 네일아트 (Ab23)","계백북스","25000","","위치 정보가 없습니다.","1","1","2","위험","위험","거래","일치"
"9788997327089","짜증은 빵점 건강은 백 점 (Aa62)","짜증은 빵점 건강은 백 점 (Aa62)","계백북스","9500","","위치 정보가 없습니다.","103","0","103","","","거래","일치"
"9788997327072","엄마궁금해요 (Aa62)","엄마궁금해요 (Aa62)","계백북스","9500","","위치 정보가 없습니다.","23","0","23","위험","위험","거래","일치"
"9788997327058","별나라괴물왕국 (Aa62)","별나라괴물왕국 (Aa62)","계백북스","9500","","위치 정보가 없습니다.","9","2","11","위험","위험","거래","일치"
"","세트(까만하늘 하얀마음 1~5권)","세트(까만하늘 하얀마음 1~5권)","계백북스","47500","","위치 정보가 없습니다.","0","0","0","0재고","","거래","일치"
"9788997327027","까만하늘 하얀마음-5(완결) (Aa64)","까만하늘 하얀마음-5(완결) (Aa64)","계백북스","9500","","위치 정보가 없습니다.","0","2","2","위험","위험","거래","일치"
"9788997327003","까만하늘 하얀마음-4 (Aa64)","까만하늘 하얀마음-4 (Aa64)","계백북스","9500","","위치 정보가 없습니다.","0","2","2","위험","위험","거래","일치"
"9788996295396","까만하늘 하얀마음-3 (Aa64)","까만하늘 하얀마음-3 (Aa64)","계백북스","9500","","위치 정보가 없습니다.","0","3","3","위험","위험","거래","일치"
"9788996295389","까만하늘 하얀마음-2 (Aa64)","까만하늘 하얀마음-2 (Aa64)","계백북스","9500","","위치 정보가 없습니다.","0","2","2","위험","위험","거래","일치"
"9788996295372","까만하늘 하얀마음-1 (Aa64)","까만하늘 하얀마음-1 (Aa64)","계백북스","9500","","위치 정보가 없습니다.","0","1","1","위험","위험","거래","일치"
"9788944490071","해양과학총서7.2판(극지와인간) (Ab33)","해양과학총서7.2판(극지와인간) (Ab33)","계백북스","18000","","위치 정보가 없습니다.","755","9","764","","","거래","일치"
"9788944490149","해양과학총서6.2판(지속가능한연안개발) (Ab32)","해양과학총서6.2판(지속가능한연안개발) (Ab32)","계백북스","18000","","위치 정보가 없습니다.","725","10","735","","","거래","일치"
"9788944410277","해양과학총서5.2판(지구환경변화와해저자원) (Ab32)","해양과학총서5.2판(지구환경변화와해저자원) (Ab32)","계백북스","18000","","위치 정보가 없습니다.","686","8","694","","","거래","일치"
"9788944410260","해양과학총서4,2판(해양생물의세계) (Ab31)","해양과학총서4,2판(해양생물의세계) (Ab31)","계백북스","18000","","위치 정보가 없습니다.","234","11","245","","","거래","일치"
"9788944410253","해양과학총서3.2 판(해양오염과지구환경) (Ab31)","해양과학총서3.2 판(해양오염과지구환경) (Ab31)","계백북스","18000","","위치 정보가 없습니다.","285","5","290","","","거래","일치"
"9788944410246","해양과학총서2,3판(해양과인간) (Ab31)","해양과학총서2,3판(해양과인간) (Ab31)","계백북스","18000","","위치 정보가 없습니다.","433","14","447","","","거래","일치"
"9788944410239","해양과학총서1,3판(해양과학기술의현재와미래) (Ab31)","해양과학총서1,3판(해양과학기술의현재와미래) (Ab31)","계백북스","18000","","위치 정보가 없습니다.","372","7","379","","","거래","일치"
"9791186131138","100세시대 기적의식품 목초액","100세시대 기적의식품 목초액 (B242)","도서출판 하늘마루","6700","B242","B동 2번 라인, 앞에서 4번째, 2층","14","2","16","위험","위험","거래","일치"
"9791186131114","100세시대 기적의식품 식초","100세시대 기적의식품 식초","도서출판 하늘마루","6700","","위치 정보가 없습니다.","0","0","0","0재고","","거래","일치"
"9791186131121","100세시대 기적의식품 콩","100세시대 기적의식품 콩 (B242)","도서출판 하늘마루","6700","B242","B동 2번 라인, 앞에서 4번째, 2층","1","1","2","위험","위험","거래","일치"
"9791195404520","손문욱","손문욱","아티라노","11500","","위치 정보가 없습니다.","240","35","275","","","거래","일치"
"9791195429103","이야기가 있는색칠 그림책/멋진무늬 (Aa64)","이야기가 있는색칠 그림책/멋진무늬 (Aa64)","아이들은자연이다","10000","","위치 정보가 없습니다.","512","0","512","","","거래","일치"
"9788994807386","한국대표 서정시선 5","한국대표 서정시선 5","도서출판 서정문학","10000","","위치 정보가 없습니다.","0","0","0","0재고","","거래","일치"
"9791195404513","Learn vocal - 런보컬","Learn vocal - 런보컬","아티라노","10000","","위치 정보가 없습니다.","74","26","100","","","거래","일치"
"9791186131107","100세시대 기적의식품 마늘","100세시대 기적의식품 마늘 (B242)","도서출판 하늘마루","6700","B242","B동 2번 라인, 앞에서 4번째, 2층","3","1","4","위험","위험","거래","일치"
"9788996750475","[시즌2] 은밀하게 위대하게 - 2권","[시즌2] 은밀하게 위대하게 - 2권","빈퍼블리시","13500","","위치 정보가 없습니다.","0","0","0","0재고","","거래","일치"
"9791195404506","발해의 전설","발해의 전설","아티라노","10000","","위치 정보가 없습니다.","42","37","79","","","거래","일치"
"","힐링라이프 10월 31호","힐링라이프 10월 31호","지식공방","10000","","위치 정보가 없습니다.","0","0","0","0재고","","거래","일치"
"9791185858036","나의 빛나는 세계 - 2","나의 빛나는 세계 - 2 (B413)","빈퍼블리시","13000","B413","B동 4번 라인, 앞에서 1번째, 3층","0","0","0","0재고","","거래","일치"
"9788994807379","산이 품은 솔향기","산이 품은 솔향기 (B133)","도서출판 서정문학","10000","B133","B동 1번 라인, 앞에서 3번째, 3층","3","2","5","위험","위험","거래","일치"
"9791195098200","재벌가 명당 탐사기","재벌가 명당 탐사기","지식공방","18000","","위치 정보가 없습니다.","0","0","0","0재고","","거래","일치"
"9788996888833","원점회귀","원점회귀 (B673)","책과삶","11500","B673","B동 6번 라인, 앞에서 7번째, 3층","213","129","342","","","거래","일치"
"9791195274826","천방지축 우주영웅 - 생쥐군단 대소동","천방지축 우주영웅 - 생쥐군단 대소동","도서출판 자주보라","9000","","위치 정보가 없습니다.","167","4","171","","","거래","일치"
"9788996707059","ZBrush로 3D프린터 맘대로하기","ZBrush로 3D프린터 맘대로하기","ㅅ (시옷) 출판사","35000","","위치 정보가 없습니다.","0","0","0","0재고","","거래","일치"
"9788996707066","피규어 채색 따라하기","피규어 채색 따라하기","ㅅ (시옷) 출판사","10000","","위치 정보가 없습니다.","0","0","0","0재고","","거래","일치"
"9788996750451","[시즌2] 은밀하게 위대하게 - 1권","[시즌2] 은밀하게 위대하게 - 1권 (B313)","빈퍼블리시","13500","B313","B동 3번 라인, 앞에서 1번째, 3층","0","0","0","0재고","","거래","일치"
"9788996707042","2014 북아트 전시도록","2014 북아트 전시도록","ㅅ (시옷) 출판사","8000","","위치 정보가 없습니다.","0","0","0","0재고","","거래","일치"
"9791185858029","나에게 묻다","나에게 묻다","빈퍼블리시","13000","","위치 정보가 없습니다.","0","0","0","0재고","","거래","일치"
"9791195274819","천방지축 우주영웅 - 덩치괴물과의 한판","천방지축 우주영웅 - 덩치괴물과의 한판","도서출판 자주보라","9000","","위치 정보가 없습니다.","640","0","640","","","거래","일치"
"9788994807362","시간아 부탁해","시간아 부탁해 (B133)","도서출판 서정문학","10000","B133","B동 1번 라인, 앞에서 3번째, 3층","3","2","5","위험","위험","거래","일치"
"9788994807348","무지개먹는 나무","무지개먹는 나무 (B133)","도서출판 서정문학","9000","B133","B동 1번 라인, 앞에서 3번째, 3층","4","0","4","위험","위험","거래","일치"
"9788994807355","아카시아 그늘아래서","아카시아 그늘아래서 (B133)","도서출판 서정문학","9000","B133","B동 1번 라인, 앞에서 3번째, 3층","4","2","6","위험","위험","거래","일치"
"9791185858005","나의 빛나는 세계","나의 빛나는 세계 (B412)","빈퍼블리시","13000","B412","B동 4번 라인, 앞에서 1번째, 2층","0","0","0","0재고","","거래","일치"
"9788998916022","의사가 필요없어지는 자연건강법 59가지","의사가 필요없어지는 자연건강법 59가지","자연요법사랑지기","15000","","위치 정보가 없습니다.","10","3","13","위험","위험","거래","일치"
"9788996672371","sat대비 미국고교 수학 시리즈 AP calculus(주황)","sat대비 미국고교 수학 시리즈 AP calculus(주황)","도서출판 익두스","48000","","위치 정보가 없습니다.","0","11","11","위험","위험","거래","일치"
"9788996445975","삼두매-3. 보은단","삼두매-3. 보은단","도서출판 활빈당","12000","","위치 정보가 없습니다.","1081","166","1247","","","거래","일치"
"9788994807331","빨간알약","빨간알약 (B133)","도서출판 서정문학","9400","B133","B동 1번 라인, 앞에서 3번째, 3층","5","3","8","위험","위험","거래","일치"
"9788994807324","깊어가는 사랑","깊어가는 사랑 (B133)","도서출판 서정문학","7800","B133","B동 1번 라인, 앞에서 3번째, 3층","1","2","3","위험","위험","거래","일치"
"9788996521952","(고급) King 스도쿠","(고급) King 스도쿠 (B242)","도서출판 하늘마루","8500","B242","B동 2번 라인, 앞에서 4번째, 2층","42","4","46","위험","위험","거래","일치"
"9788996521945","(중급) King스도쿠","(중급) King스도쿠 (B242)","도서출판 하늘마루","8500","B242","B동 2번 라인, 앞에서 4번째, 2층","0","4","4","위험","위험","거래","일치"
"9788996521938","(초급) King 스도쿠","(초급) King 스도쿠 (B242)","도서출판 하늘마루","8500","B242","B동 2번 라인, 앞에서 4번째, 2층","22","1","23","위험","위험","거래","일치"
"9791195072613","웹사이트평가의 불편한진실","웹사이트평가의 불편한진실 (B182)","도서출판 공존의 미학","12000","B182","B동 1번 라인, 앞에서 8번째, 2층","0","0","0","0재고","","거래","일치"
"9791195110902","감추어진 식탁 (Aa14)","감추어진 식탁 (Aa14)","인포그룹 느루","15000","","위치 정보가 없습니다.","1633","32","1665","","","거래","일치"
"9788994807256","행복의 메시지 - 엄지의 기적1-","행복의 메시지 - 엄지의 기적1- (B131)","도서출판 서정문학","10000","B131","B동 1번 라인, 앞에서 3번째, 1층","28","3","31","위험","위험","거래","일치"
"9788994807317","엄지의기적2 -행복시럽과 웃음케이크-","엄지의기적2 -행복시럽과 웃음케이크- (B132)","도서출판 서정문학","10000","B132","B동 1번 라인, 앞에서 3번째, 2층","31","2","33","위험","위험","거래","일치"
"9788996675495","천년구미호","천년구미호 (B412)","빈퍼블리시","10800","B412","B동 4번 라인, 앞에서 1번째, 2층","0","0","0","0재고","","거래","일치"
"9788994807287","각인","각인 (B132)","도서출판 서정문학","10000","B132","B동 1번 라인, 앞에서 3번째, 2층","6","2","8","위험","위험","거래","일치"
"9788994807294","엄지가족의 씽킹컵","엄지가족의 씽킹컵 (B132)","도서출판 서정문학","10000","B132","B동 1번 라인, 앞에서 3번째, 2층","10","0","10","위험","위험","거래","일치"
"9788996675488","소나기야","소나기야 (B313)","빈퍼블리시","12500","B313","B동 3번 라인, 앞에서 1번째, 3층","0","0","0","0재고","","거래","일치"
"9788994807270","이화에 월백하고","이화에 월백하고 (B133)","도서출판 서정문학","10000","B133","B동 1번 라인, 앞에서 3번째, 3층","0","0","0","0재고","","거래","일치"
"","인생은 아름다워 (Aa53)","인생은 아름다워 (Aa53)","도서출판 동도원","10000","","위치 정보가 없습니다.","11","0","11","위험","위험","거래","일치"
"","신비 동물을 찾아서 (Ab13)","신비 동물을 찾아서 (Ab13)","도서출판 동도원","22500","","위치 정보가 없습니다.","2","0","2","위험","위험","거래","일치"
"","위험한 책 (Aa51)","위험한 책 (Aa51)","도서출판 동도원","25000","","위치 정보가 없습니다.","24","2","26","위험","위험","거래","일치"
"","테마별 부동산 재테크 (Aa54)","테마별 부동산 재테크 (Aa54)","도서출판 동도원","13000","","위치 정보가 없습니다.","53","1","54","","","거래","일치"
"","나를 명품으로 만들어라 (Ab13)","나를 명품으로 만들어라 (Ab13)","도서출판 동도원","13000","","위치 정보가 없습니다.","2","0","2","위험","위험","거래","일치"
"","월드카페 (Ab13)","월드카페 (Ab13)","도서출판 동도원","12000","","위치 정보가 없습니다.","1","0","1","위험","위험","거래","일치"
"","탐욕의 경제학(Aa35)","탐욕의 경제학(Aa35)","도서출판 동도원","10000","","위치 정보가 없습니다.","76","0","76","","","거래","일치"
"","내 인생을 바꾼 특별한 순간 (Aa53)","내 인생을 바꾼 특별한 순간 (Aa53)","도서출판 동도원","9800","","위치 정보가 없습니다.","38","0","38","위험","위험","거래","일치"
"","현대생활백서 (Ab13)","현대생활백서 (Ab13)","도서출판 동도원","12000","","위치 정보가 없습니다.","10","0","10","위험","위험","거래","일치"
"","뜨는 시장을 공략하라 (Ab13)","뜨는 시장을 공략하라 (Ab13)","도서출판 동도원","10000","","위치 정보가 없습니다.","2","0","2","위험","위험","거래","일치"
"","미래형 비즈니스 법칙 (Aa54)","미래형 비즈니스 법칙 (Aa54)","도서출판 동도원","11000","","위치 정보가 없습니다.","37","0","37","위험","위험","거래","일치"
"","가속성공 (Aa54)","가속성공 (Aa54)","도서출판 동도원","10000","","위치 정보가 없습니다.","8","2","10","위험","위험","거래","일치"
"","프로가 되는 자기경영노트 (Ab13)","프로가 되는 자기경영노트 (Ab13)","도서출판 동도원","11000","","위치 정보가 없습니다.","2","2","4","위험","위험","거래","일치"
"","주말창업 -회사를 그만두지 말고 창업하라!-","주말창업 -회사를 그만두지 말고 창업하라!-","도서출판 동도원","10000","","위치 정보가 없습니다.","0","0","0","0재고","","거래","일치"
"9788981521172","영문 독해 기법 100 (기초편) (Aa51)","영문 독해 기법 100 (기초편) (Aa51)","도서출판 동도원","15000","","위치 정보가 없습니다.","0","0","0","0재고","","거래","일치"
"9788981521127","영문 독해 기법 100(실력편) (Aa51)","영문 독해 기법 100(실력편) (Aa51)","도서출판 동도원","12000","","위치 정보가 없습니다.","235","0","235","","","거래","일치"
"9788981521059","리듬을 타고 쉽게 배우는 영단어 1000 (Aa51)","리듬을 타고 쉽게 배우는 영단어 1000 (Aa51)","도서출판 동도원","10000","","위치 정보가 없습니다.","15","4","19","위험","위험","거래","일치"
"9788981521042","궁극의 영단어 (상급)","궁극의 영단어 (상급)","도서출판 동도원","12000","","위치 정보가 없습니다.","2","0","2","위험","위험","거래","일치"
"9788981521035","궁극의 영단어 (기초)","궁극의 영단어 (기초)","도서출판 동도원","11000","","위치 정보가 없습니다.","0","1","1","위험","위험","거래","일치"
"9788981521011","궁극의 영단어 (중급)","궁극의 영단어 (중급)","도서출판 동도원","12000","","위치 정보가 없습니다.","2","0","2","위험","위험","거래","일치"
"9788981520236","1분에 끝나는 완벽독해법 - 기초편- (Aa52)","1분에 끝나는 완벽독해법 - 기초편- (Aa52)","도서출판 동도원","9000","","위치 정보가 없습니다.","69","0","69","","","거래","일치"
"9788981520243","1분에 끝나는 완벽독해법 - 실력편 (Aa52)","1분에 끝나는 완벽독해법 - 실력편 (Aa52)","도서출판 동도원","9000","","위치 정보가 없습니다.","93","1","94","","","거래","일치"
"9788981520076","MiniMax 영어 숙어 (Ab14)","MiniMax 영어 숙어 (Ab14)","도서출판 동도원","5800","","위치 정보가 없습니다.","30","0","30","위험","위험","거래","일치"
"9788981520069","Mini Max 영어 단어 (Ab14)","Mini Max 영어 단어 (Ab14)","도서출판 동도원","5500","","위치 정보가 없습니다.","27","0","27","위험","위험","거래","일치"
"9788981521028","수능 한번에 뽀개기 (Aa52)","수능 한번에 뽀개기 (Aa52)","도서출판 동도원","10000","","위치 정보가 없습니다.","306","0","306","","","거래","일치"
"9788981520922","직독직해 (중급편) (Aa52)","직독직해 (중급편) (Aa52)","도서출판 동도원","13000","","위치 정보가 없습니다.","0","0","0","0재고","","거래","일치"
"9788981520908","영어독해! 너는 끊어서 생각하니 (Aa52)","영어독해! 너는 끊어서 생각하니  (Aa52)","도서출판 동도원","13800","","위치 정보가 없습니다.","14","1","15","위험","위험","거래","일치"
"9788981520892","직독직해 (기초편)","직독직해 (기초편)","도서출판 동도원","13000","","위치 정보가 없습니다.","4","3","7","위험","위험","거래","일치"
"9788981520847","직독직해 (고급편) (Aa53)","직독직해 (고급편) (Aa53)","도서출판 동도원","13000","","위치 정보가 없습니다.","251","2","253","","","거래","일치"
"9788981520779","(개정판) 영작문! 너는 생각하니","(개정판) 영작문! 너는 생각하니","도서출판 동도원","15800","","위치 정보가 없습니다.","0","0","0","0재고","","거래","일치"
"","미국인 교수가 쓴 한국인을 위한 (Ab14)","미국인 교수가 쓴 한국인을 위한 (Ab14)","도서출판 동도원","16000","","위치 정보가 없습니다.","4","0","4","위험","위험","거래","일치"
"9788981520588","한 줄만 잘써도 Cool 해지는 영작문 (Aa54)","한 줄만 잘써도 Cool 해지는 영작문 (Aa54)","도서출판 동도원","13000","","위치 정보가 없습니다.","7","1","8","위험","위험","거래","일치"
"","영문 독해기법 Level-up","영문 독해기법 Level-up","도서출판 동도원","9000","","위치 정보가 없습니다.","3","0","3","위험","위험","거래","일치"
"","비지니스 영어 유사어 사전(Aa15)","비지니스 영어 유사어 사전(Aa15)","도서출판 동도원","12000","","위치 정보가 없습니다.","0","0","0","0재고","","거래","일치"
"","한국 경찰 제도사(개정판) (Ab13)","한국 경찰 제도사(개정판) (Ab13)","도서출판 동도원","20000","","위치 정보가 없습니다.","0","0","0","0재고","","거래","일치"
"","친구를 사랑하라, 그리고 적은 더 사랑하라 (Aa51)","친구를 사랑하라, 그리고 적은 더 사랑하라 (Aa51)","도서출판 동도원","8500","","위치 정보가 없습니다.","0","0","0","0재고","","거래","일치"
"9788981520861","풍수로 보는 인테리어 (개정판)","풍수로 보는 인테리어 (개정판)","도서출판 동도원","12000","","위치 정보가 없습니다.","0","-1","-1","","","거래","일치"
"9788981520526","부자가 되는 풍수 인테리어 (Ab54)","부자가 되는 풍수 인테리어 (Ab54)","도서출판 동도원","9500","","위치 정보가 없습니다.","309","1","310","","","거래","일치"
"","신화로 보는 인류의 종말과 (Ab13)","신화로 보는 인류의 종말과 (Ab13)","도서출판 동도원","9000","","위치 정보가 없습니다.","0","0","0","0재고","","거래","일치"
"9788981521165","내 몸을 살리는 영양소 가이드","내 몸을 살리는 영양소 가이드","도서출판 동도원","15000","","위치 정보가 없습니다.","0","0","0","0재고","","거래","일치"
"9788981521141","보이지 않아서 더 위험한 내장지방 (Aa55)","보이지 않아서 더 위험한 내장지방 (Aa55)","도서출판 동도원","13000","","위치 정보가 없습니다.","197","0","197","","","거래","일치"
"9788981521103","혈액을 맑게하는 건강음식 37가지 (개정판) (Aa55)","혈액을 맑게하는 건강음식 37가지 (개정판) (Aa55)","도서출판 동도원","11000","","위치 정보가 없습니다.","1","1","2","위험","위험","거래","일치"
"9788981521097","건강한 여성이 아름답다 (Ab14)","건강한 여성이 아름답다 (Ab14)","도서출판 동도원","13000","","위치 정보가 없습니다.","1","3","4","위험","위험","거래","일치"
"","황토 (Ab13)","황토 (Ab13)","도서출판 동도원","9000","","위치 정보가 없습니다.","37","3","40","위험","위험","거래","일치"
"9788981520977","수면의 기술 (Ab13)","수면의 기술 (Ab13)","도서출판 동도원","8500","","위치 정보가 없습니다.","14","0","14","위험","위험","거래","일치"
"","쾌변으로 오래 사는 법","쾌변으로 오래 사는 법","도서출판 동도원","9500","","위치 정보가 없습니다.","0","0","0","0재고","","거래","일치"
"","우울증은 치료된다 (개정판)","우울증은 치료된다 (개정판)","도서출판 동도원","10000","","위치 정보가 없습니다.","0","1","1","위험","위험","거래","일치"
"","채소 익혀 먹어라","채소 익혀 먹어라","도서출판 동도원","10000","","위치 정보가 없습니다.","0","0","0","0재고","","거래","일치"
"9788981520915","곰탕이 건강을 말아 먹는다 (Aa54)","곰탕이 건강을 말아 먹는다 (Aa54)","도서출판 동도원","11000","","위치 정보가 없습니다.","0","0","0","0재고","","거래","일치"
"","행복한 가족 요가 (Ab13)","행복한 가족 요가 (Ab13)","도서출판 동도원","19800","","위치 정보가 없습니다.","8","0","8","위험","위험","거래","일치"
"","장, 독을 비워라 (Ab14)","장, 독을 비워라 (Ab14)","도서출판 동도원","9500","","위치 정보가 없습니다.","1","0","1","위험","위험","거래","일치"
"9788981520670","당뇨병을 치료하는 식품과 생활습관 70 (Ab14)","당뇨병을 치료하는 식품과 생활습관 70 (Ab14)","도서출판 동도원","13500","","위치 정보가 없습니다.","307","0","307","","","거래","일치"
"9788981521134","누구나 쉽게 하는 쑥뜸 건강법 (Aa15)","누구나 쉽게 하는 쑥뜸 건강법 (Aa15)","도서출판 동도원","13800","","위치 정보가 없습니다.","220","5","225","","","거래","일치"
"","100살까지 병없이 사는 건강 3습관 (Ab14)","100살까지 병없이 사는 건강 3습관 (Ab14)","도서출판 동도원","9500","","위치 정보가 없습니다.","6","0","6","위험","위험","거래","일치"
"","(개정)암선고를 받았을때 취해야할 (Ab14)","(개정)암선고를 받았을때 취해야할 (Ab14)","도서출판 동도원","10000","","위치 정보가 없습니다.","1","0","1","위험","위험","거래","일치"
"","수중 운동으로 부상을 치료한다 (Ab14)","수중 운동으로 부상을  치료한다 (Ab14)","도서출판 동도원","8600","","위치 정보가 없습니다.","5","0","5","위험","위험","거래","일치"
"9788996672364","sat대비 미국고교 수학 시리즈 Pre calculus(보라)","sat대비 미국고교 수학 시리즈 Pre calculus(보라)","도서출판 익두스","48000","","위치 정보가 없습니다.","0","6","6","위험","위험","거래","일치"
"","한국대표서정시선4","한국대표서정시선4 (B132)","도서출판 서정문학","10000","B132","B동 1번 라인, 앞에서 3번째, 2층","0","2","2","위험","위험","거래","일치"
"9791195111800","리치처럼 승부하라","리치처럼 승부하라 (A351)","나무북스","15000","A351","A동 3번 라인, 앞에서 5번째, 1층","0","1","1","위험","위험","거래","일치"
"9788994807232","천국의야설","천국의야설","도서출판 서정문학","8400","","위치 정보가 없습니다.","0","0","0","0재고","","거래","일치"
"","메콩강에지다","메콩강에지다 (B242)","도서출판 하늘마루","10000","B242","B동 2번 라인, 앞에서 4번째, 2층","15","2","17","위험","위험","거래","일치"
"9788996445968","삼두매 - 2. 독도의 비밀","삼두매 - 2. 독도의 비밀","도서출판 활빈당","12000","","위치 정보가 없습니다.","1488","102","1590","","","거래","일치"
"9788996445951","삼두매 - 1. 도둑왕자","삼두매 - 1. 도둑왕자","도서출판 활빈당","12000","","위치 정보가 없습니다.","1458","103","1561","","","거래","일치"
"9788994807201","구두를 벗으며 (동인지)","구두를 벗으며 (동인지) (B133)","도서출판 서정문학","10000","B133","B동 1번 라인, 앞에서 3번째, 3층","0","0","0","0재고","","거래","일치"
"9788994807225","차마 버리지 못했던 이름들 - 최수진 시집","차마 버리지 못했던 이름들 - 최수진 시집 (B132)","도서출판 서정문학","12000","B132","B동 1번 라인, 앞에서 3번째, 2층","2","0","2","위험","위험","거래","일치"
"9791195072606","웹의 기본 (Basics of The Web)","웹의 기본 (Basics of The Web) (B182)","도서출판 공존의 미학","18000","B182","B동 1번 라인, 앞에서 8번째, 2층","0","0","0","0재고","","거래","일치"
"","[개정판]눈물이 또르르","[개정판]눈물이 또르르","ㅅ (시옷) 출판사","9000","","위치 정보가 없습니다.","0","0","0","0재고","","거래","일치"
"9788996707011","구체 관절인형 제작하기","구체 관절인형 제작하기","ㅅ (시옷) 출판사","10000","","위치 정보가 없습니다.","0","0","0","0재고","","거래","일치"
"","작은 별의 여행","작은 별의 여행","ㅅ (시옷) 출판사","23000","","위치 정보가 없습니다.","0","0","0","0재고","","거래","일치"
"","피규어 헤드 제작하기 비법","피규어 헤드 제작하기 비법","ㅅ (시옷) 출판사","10000","","위치 정보가 없습니다.","0","0","0","0재고","","거래","일치"
"","BOTULINUM TOXIN(구판반품용코드)","BOTULINUM TOXIN(구판반품용코드)","제이앤제이","220000","","위치 정보가 없습니다.","0","0","0","0재고","","거래","일치"
"9788996675457","[소설] 은밀하게 위대하게","[소설] 은밀하게 위대하게","빈퍼블리시","13000","","위치 정보가 없습니다.","0","0","0","0재고","","거래","일치"
"9788996675440","은밀하게 위대하게 슬럼버","은밀하게 위대하게 슬럼버 (B412)","빈퍼블리시","9000","B412","B동 4번 라인, 앞에서 1번째, 2층","0","0","0","0재고","","거래","일치"
"9788996888826","인디언 영혼의 노래","인디언 영혼의 노래 (B673)","책과삶","12000","B673","B동 6번 라인, 앞에서 7번째, 3층","292","105","397","","","거래","일치"
"9788998916015","김재춘 교수의 암 완치의 길","김재춘 교수의 암 완치의 길 (B164)","자연요법사랑지기","12000","B164","B동 1번 라인, 앞에서 6번째, 4층","44","6","50","위험","위험","거래","일치"
"9788998916008","김재춘 교수의 아토피 완치의 길 35가지","김재춘 교수의 아토피 완치의 길 35가지 (B164)","자연요법사랑지기","12000","B164","B동 1번 라인, 앞에서 6번째, 4층","26","4","30","위험","위험","거래","일치"
"9788996906643","쉽게풀어쓴 周易(주역)풀이","쉽게풀어쓴 周易(주역)풀이","도서출판 하늘마루","17000","","위치 정보가 없습니다.","0","1","1","위험","위험","거래","일치"
"9788994807195","당신의 선택은 당신의 미래다","당신의 선택은 당신의 미래다 (B133)","도서출판 서정문학","9000","B133","B동 1번 라인, 앞에서 3번째, 3층","7","0","7","위험","위험","거래","일치"
"9788996672357","sat대비 미국고교 수학 시리즈 algebra2(그린)","sat대비 미국고교 수학 시리즈 algebra2(그린)","도서출판 익두스","42000","","위치 정보가 없습니다.","0","11","11","위험","위험","거래","일치"
"9788994807140","태권도 교육과정","태권도 교육과정 (B131)","도서출판 서정문학","30000","B131","B동 1번 라인, 앞에서 3번째, 1층","6","2","8","위험","위험","거래","일치"
"9788994807157","멈춤의 몸짓","멈춤의 몸짓 (B133)","도서출판 서정문학","20000","B133","B동 1번 라인, 앞에서 3번째, 3층","15","2","17","위험","위험","거래","일치"
"","헤닉권ONLY ONE","헤닉권ONLY ONE (B132)","도서출판 서정문학","10000","B132","B동 1번 라인, 앞에서 3번째, 2층","3","2","5","위험","위험","거래","일치"
"","아름다운세상","아름다운세상 (B132)","도서출판 서정문학","10000","B132","B동 1번 라인, 앞에서 3번째, 2층","2","0","2","위험","위험","거래","일치"
"","섬,생을물질하다","섬,생을물질하다 (B133)","도서출판 서정문학","8000","B133","B동 1번 라인, 앞에서 3번째, 3층","2","0","2","위험","위험","거래","일치"
"","시의낙원","시의낙원 (B132)","도서출판 서정문학","8000","B132","B동 1번 라인, 앞에서 3번째, 2층","4","0","4","위험","위험","거래","일치"
"","그루터기","그루터기 (B132)","도서출판 서정문학","8000","B132","B동 1번 라인, 앞에서 3번째, 2층","6","0","6","위험","위험","거래","일치"
"","보고듣고느낀대로","보고듣고느낀대로 (B133)","도서출판 서정문학","8000","B133","B동 1번 라인, 앞에서 3번째, 3층","5","0","5","위험","위험","거래","일치"
"","깊은밤외로운달","깊은밤외로운달 (B133)","도서출판 서정문학","8000","B133","B동 1번 라인, 앞에서 3번째, 3층","5","0","5","위험","위험","거래","일치"
"","그대만큼아름다운시를본적이없다","그대만큼아름다운시를본적이없다 (B133)","도서출판 서정문학","10000","B133","B동 1번 라인, 앞에서 3번째, 3층","4","0","4","위험","위험","거래","일치"
"","머물고싶은세월","머물고싶은세월 (B133)","도서출판 서정문학","8000","B133","B동 1번 라인, 앞에서 3번째, 3층","4","0","4","위험","위험","거래","일치"
"","노벨생활생물학사전","노벨생활생물학사전 (B241)","도서출판 하늘마루","9800","B241","B동 2번 라인, 앞에서 4번째, 1층","30","1","31","위험","위험","거래","일치"
"","노벨생활과학사전","노벨생활과학사전 (B241)","도서출판 하늘마루","9800","B241","B동 2번 라인, 앞에서 4번째, 1층","29","2","31","위험","위험","거래","일치"
"9788997377190","고사성어 대백과","고사성어 대백과 (B242)","도서출판 하늘마루","20000","B242","B동 2번 라인, 앞에서 4번째, 2층","2","1","3","위험","위험","거래","일치"
"9788996747192","삼국사기","삼국사기 (B241)","도서출판 하늘마루","24500","B241","B동 2번 라인, 앞에서 4번째, 1층","0","0","0","0재고","","거래","일치"
"9788990554390","세계사이야기","세계사이야기 (B242)","도서출판 하늘마루","15000","B242","B동 2번 라인, 앞에서 4번째, 2층","1","3","4","위험","위험","거래","일치"
"9788989476993","한국사 이야기","한국사 이야기 (B242)","도서출판 하늘마루","15000","B242","B동 2번 라인, 앞에서 4번째, 2층","0","0","0","0재고","","거래","일치"
"9788996747185","운명을바꾸는 손금","운명을바꾸는 손금 (B242)","도서출판 하늘마루","12000","B242","B동 2번 라인, 앞에서 4번째, 2층","1","4","5","위험","위험","거래","일치"
"9788996747130","남녀궁합 보는법","남녀궁합 보는법 (B242)","도서출판 하늘마루","12000","B242","B동 2번 라인, 앞에서 4번째, 2층","14","8","22","위험","위험","거래","일치"
"","삼국유사","삼국유사 (B242)","도서출판 하늘마루","19500","B242","B동 2번 라인, 앞에서 4번째, 2층","0","0","0","0재고","","거래","일치"
"9788996672340","김교신의 신앙과 저항","김교신의 신앙과 저항","도서출판 익두스","10000","","위치 정보가 없습니다.","67","4","71","","","거래","일치"
"9788996675419","그루밍선데이","그루밍선데이 (B412)","빈퍼블리시","11500","B412","B동 4번 라인, 앞에서 1번째, 2층","0","0","0","0재고","","거래","일치"
"","필러캡-2번","필러캡-2번","제이앤제이","100000","","위치 정보가 없습니다.","0","0","0","0재고","","거래","일치"
"","필러캡-1번","필러캡-1번","제이앤제이","100000","","위치 정보가 없습니다.","0","0","0","0재고","","거래","일치"
"","마사지봉","마사지봉","제이앤제이","100000","","위치 정보가 없습니다.","26","0","26","위험","위험","거래","일치"
"9788996888819","하늘의퍼스트레이디 아멜리아에어하트","하늘의퍼스트레이디 아멜리아에어하트 (B673)","책과삶","23000","B673","B동 6번 라인, 앞에서 7번째, 3층","393","11","404","","","거래","일치"
"9788996672333","숨어 계시는 하나님","숨어 계시는 하나님","도서출판 익두스","15000","","위치 정보가 없습니다.","85","0","85","","","거래","일치"
"9788996672326","사데교회에보내는편지","사데교회에보내는편지","도서출판 익두스","15000","","위치 정보가 없습니다.","97","0","97","","","거래","일치"
"9788996675402","스마일브러시(오래된사진)","스마일브러시(오래된사진) (B412)","빈퍼블리시","11500","B412","B동 4번 라인, 앞에서 1번째, 2층","0","0","0","0재고","","거래","일치"
"9788996672319","김교신 거대한 뿌리","김교신 거대한 뿌리","도서출판 익두스","13000","","위치 정보가 없습니다.","53","1","54","","","거래","일치"
"2222222222222","인터넷 돈이 되는 카페 만들기","인터넷 돈이 되는 카페 만들기","도서출판 아이콘","10000","","위치 정보가 없습니다.","1529","116","1645","","","거래","일치"
"","내 블로그 만들기","내 블로그 만들기","도서출판 아이콘","9000","","위치 정보가 없습니다.","-20","3","-17","","","거래","일치"
"1111111111111","C/C++ 프로그래밍","C/C++ 프로그래밍","도서출판 아이콘","15000","","위치 정보가 없습니다.","7","3","10","위험","위험","거래","일치"
